District Id,Location Name
1,kupwara
1,handwara
1,karnah
2,badgam
2,khag
2,beerwah
2,khansahib
2,budgam
2,chadoora
2,charar e shrief
3,leh
3,ladakh
3,leh
3,nubra
3,khalsi
4,kargil
4,sanku
4,zanskar
5,punch
5,mendhar
5,surankote
6,rajouri
6,thanamandi
6,darhal
6,rajauri
6,budhal
6,kalakote
6,nowshehra
6,sunderbani
7,kathua
7,billawar
7,bashohli
7,bani
7,hiranagar
8,baramula
8,sopore
8,rafiabad
8,pattan
8,baramulla
8,kreeri
8,uri
8,boniyar
8,tangmarg
9,bandipore
9,gurez
9,bandipora
9,sonawari
10,srinagar
11,ganderbal
11,lar
11,kangan
12,pulwama
12,pampore
12,awantipora
12,tral
13,shupiyan
13,shopian
14,anantnag
14,pahalgam
14,bijbehara
14,shangus
14,kokernag
14,dooru
15,kulgam
15,devsar
15,damhal hanjipora
16,doda
16,thathri
16,gandoh
16,bhaderwah
17,ramban
17,banihal
18,kishtwar
18,marwah
18,chhatroo
18,atholi
18,paddar
19,udhampur
19,chenani
19,majalta
20,reasi
20,gool gulabgarh
21,jammu
21,akhnoor
21,ranbir singh pora
21,bishnah
22,samba
23,chamba
23,pangi
23,chaurah
23,saluni
23,bhalai
23,dalhousie
23,bhattiyat
23,sihunta
23,holi
23,brahmaur
24,kangra
24,nurpur
24,indora
24,jawali
24,harchakian
24,dharmsala
24,nagrota bagwan
24,baroh
24,dera gopipur
24,jawalamukhi
24,jaswan
24,rakkar
24,khundian
24,thural
24,dhira
24,jaisinghpur
24,palampur
24,baijnath
24,multhan
25,lahul & spiti
25,lahul and spiti
25,lahul
25,spiti
26,kullu
26,manali
26,sainj
26,banjar
26,ani
26,nermand
27,mandi
27,padhar
27,jogindarnagar
27,lad bharol
27,sandhol
27,dharmpur
27,kotli
27,sarkaghat
27,bhadrota
27,baldwara
27,sundarnagar
27,aut
27,bali chowki
27,thunag
27,chachyot
27,nihri
27,karsog
28,hamirpur
28,tira sujanpur
28,nadaun
28,galore
28,barsar
28,dhatwal
28,bhoranj
29,una
29,bharwain
29,amb
29,bangana
29,haroli
30,ghumarwin
30,bharari
30,jhanduta
30,naina devi
30,bilaspur sadar
30,namhol
31,solan
31,arki
31,darlaghat
31,ramshahr
31,nalagarh
31,baddi
31,krishangarh
31,kasauli
31,kandaghat
32,sirmaur
32,nohra
32,pachhad
32,renuka
32,dadahu
32,nahan
32,paonta sahib
32,kamrau
32,shalai
32,ronhat
33,shimla
33,nankhari
33,kumharsain
33,shimla
33,junga
33,theog
33,chaupal
33,cheta
33,nerua
33,jubbal
33,kotkhai
33,tikar
33,rohru
33,chirgaon
33,dodra kwar
34,kinnaur
34,hangrang
34,poo
34,morang
34,kalpa
34,nichar
34,sangla
35,gurdaspur
35,dhar kalan
35,pathankot
35,gurdaspur
35,batala
35,dera baba nanak
36,kapurthala
36,bhulath
36,sultanpur lodhi
36,phagwara
37,jalandhar
37,shahkot
37,nakodar
37,phillaur
37,jalandhar
37,jalandhar
38,hoshiarpur
38,dasua
38,mukerian
38,hoshiarpur
38,garhshankar
39,shahid bhagat singh nagar
39,nawanshahr
39,balachaur
40,fatehgarh sahib
40,bassi pathana
40,amloh
40,khamanon
41,ludhiana
41,samrala
41,khanna
41,payal
41,ludhiana
41,raikot
41,jagraon
42,moga
42,nihal singhwala
42,bagha purana
43,firozpur
43,zira
43,jalalabad
43,fazilka
43,abohar
44,muktsar
44,malout
44,gidderbaha
45,faridkot
45,jaitu
46,bathinda
46,rampura phul
46,talwandi sabo
47,mansa
47,sardulgarh
47,budhlada
48,patiala
48,samana
48,patran
48,nabha
48,rajpura
49,amritsar
49,ajnala
49,amritsar
49,amritsar
49,baba bakala
50,tarn taran
50,patti
50,khadur sahib
51,rupnagar
51,anandpur sahib
51,nangal
51,rup nagar
51,chamkaur sahib
52,sahibzada ajit singh nagar
52,kharar
52,sas nagar
52,dera bassi
53,sangrur
53,malerkotla
53,dhuri
53,sunam
53,lehra
53,moonak
54,barnala
54,tapa
55,chandigarh
56,uttarkashi
56,puraula
56,mori
56,rajgarhi
56,dunda
56,chiniyalisaur
56,bhatwari
57,chamoli
57,joshimath
57,pokhari
57,karnaprayag
57,tharali
57,gairsain
58,rudraprayag
58,ukhimath
58,rudraprayag
58,jakholi
59,tehri garhwal
59,ghansali
59,devprayag
59,pratapnagar
59,jakhani dhar
59,tehri
59,dhanaulti
59,narendra nagar
60,dehradun
60,chakrata
60,tyuni
60,kalsi
60,vikas nagar
60,dehradun
60,rishikesh
61,garhwal
61,pauri
61,thailisain
61,dhoomakot
61,lansdowne
61,satpuli
61,chaubatta khal
61,kotdwara
61,yamkeshwar
62,pithoragarh
62,munsiari
62,dharchula
62,didihat
62,berinag
62,gangolihat
62,pithoragarh
63,bageshwar
63,kapkot
63,kanda
63,bageshwar
63,garud
64,almora
64,bhikiasain
64,chaukhutiya
64,sult
64,ranikhet
64,dwarahat
64,someshwar
64,jainti
64,bhanoli
65,champawat
65,lohaghat
65,poornagiri
66,nainital
66,kosya kutauli
66,betalghat
66,haldwani
66,kaladhungi
66,lalkuan
67,udham singh nagar
67,jaspur
67,bajpur
67,kichha
67,gadarpur
67,sitarganj
67,khatima
68,hardwar
68,roorkee
68,laksar
69,panchkula
69,kalka
70,ambala
70,naraingarh
70,barara
71,yamunanagar
71,jagadhri
71,chhachhrauli
72,kurukshetra
72,pehowa
72,thanesar
73,kaithal
73,guhla
73,fatehpur pundri
74,karnal
74,nilokheri
74,indri
74,assandh
74,gharaunda
75,panipat
75,israna
75,samalkha
76,sonipat
76,gohana
76,ganaur
76,kharkhoda
77,jind
77,narwana
77,julana
77,safidon
78,fatehabad
78,ratia
78,tohana
79,sirsa
79,dabwali
79,ellenabad
80,hisar
80,adampur
80,narnaund
80,hansi
81,bhiwani
81,bawani khera
81,tosham
81,siwani
81,loharu
81,badhra
82,rohtak
82,maham
82,sampla
83,jhajjar
83,beri
83,bahadurgarh
83,matenhail
84,mahendragarh
84,narnaul
85,rewari
85,kosli
85,bawal
86,gurgaon
86,pataudi
86,farrukhnagar
86,manesar
86,sohna
87,mewat
87,taoru
87,nuh
87,ferozepur jhirka
87,punahana
88,faridabad
88,ballabgarh
89,palwal
89,palwal
89,hathin
89,hodal
90,north west
90,narela
90,saraswati vihar
90,model town
91,north
91,civil lines
91,sadar bazar
91,kotwali
92,north east delhi
92,seelam pur
92,shahdara
92,seema puri
93,east delhi
93,gandhi nagar
93,vivek vihar
93,preet vihar
94,new delhi
94,connaught place
94,chanakya puri
94,parliament street
95,central
95,darya ganj
95,pahar ganj
95,karol bagh
96,west
96,patel nagar
96,rajouri garden
96,punjabi bagh
97,south west
97,najafgarh
97,delhi cantonment
97,vasant vihar
98,south
98,hauz khas
98,defence colony
98,kalkaji
99,ganganagar
99,karanpur
99,ganganagar
99,sadulshahar
99,padampur
99,raisinghnagar
99,anupgarh
99,gharsana
99,vijainagar
99,suratgarh
100,hanumangarh
100,sangaria
100,tibi
100,pilibanga
100,rawatsar
100,nohar
100,bhadra
101,bikaner
101,poogal
101,lunkaransar
101,kolayat
101,khajuwala
101,chhatargarh
101,sridungargarh
102,churu
102,taranagar
102,sardarshahar
102,ratangarh
102,sujangarh
103,jhunjhunun
103,chirawa
103,buhana
103,khetri
103,nawalgarh
103,udaipurwati
104,alwar
104,behror
104,mandawar
104,kotkasim
104,tijara
104,kishangarh bas
104,bansur
104,thanagazi
104,kathumar
105,bharatpur
105,pahari
105,kaman
105,deeg
105,nadbai
105,kumher
105,weir
105,bayana
105,rupbas
106,dhaulpur
106,baseri
106,bari
106,sepau
106,rajakhera
107,karauli
107,todabhim
107,nadoti
107,hindaun
107,mandrail
107,sapotra
108,sawai madhopur
108,bamanwas
108,malarna doongar
108,bonli
108,chauth ka barwara
108,khandar
109,dausa
109,baswa
109,mahwa
109,sikrai
109,lalsot
110,jaipur
110,kotputli
110,viratnagar
110,chomu
110,phulera
110,mauzamabad
110,phagi
110,sanganer
110,amber
110,jamwa ramgarh
110,bassi
110,chaksu
111,sikar
111,danta ramgarh
111,sri madhopur
111,neem ka thana
112,nagaur
112,ladnu
112,didwana
112,jayal
112,kheenvsar
112,merta
112,degana
112,parbatsar
112,makrana
112,nawa
113,jodhpur
113,phalodi
113,osian
113,bhopalgarh
113,shergarh
113,luni
113,bilara
114,jaisalmer
114,pokaran
114,fatehgarh
115,barmer
115,sheo
115,baytoo
115,pachpadra
115,siwana
115,gudha malani
115,ramsar
115,chohtan
116,jalor
116,ahore
116,bhinmal
116,bagora
116,sanchore
116,raniwara
117,sirohi
117,sheoganj
117,pindwara
117,abu road
117,reodar
118,pali
118,jaitaran
118,sojat
118,rohat
118,marwar junction
118,desuri
118,sumerpur
118,bali
119,ajmer
119,kishangarh
119,peesangan
119,beawar
119,masuda
119,nasirabad
119,bhinay
119,sarwar
119,kekri
120,tonk
120,malpura
120,peeplu
120,niwai
120,todaraisingh
120,uniara
121,bundi
121,hindoli
121,nainwa
121,indragarh
121,keshoraipatan
122,bhilwara
122,asind
122,hurda
122,banera
122,sahara
122,kotri
122,jahazpur
122,mandalgarh
122,beejoliya
123,rajsamand
123,bhim
123,deogarh
123,amet
123,kumbhalgarh
123,railmagra
123,nathdwara
124,dungarpur
124,aspur
124,sagwara
124,simalwara
125,banswara
125,ghatol
125,garhi
125,bagidora
125,kushalgarh
126,chittaurgarh
126,rashmi
126,gangrar
126,begun
126,rawatbhata
126,kapasan
126,dungla
126,bhadesar
126,nimbahera
126,bari sadri
127,kota
127,pipalda
127,digod
127,ladpura
127,ramganj mandi
127,sangod
128,baran
128,antah
128,atru
128,chhabra
128,chhipabarod
129,jhalawar
129,jhalrapatan
129,aklera
129,manohar thana
129,pachpahar
129,pirawa
129,gangdhar
130,udaipur
130,mavli
130,gogunda
130,kotra
130,jhadol
130,girwa
130,vallabhnagar
130,lasadiya
130,salumbar
130,sarada
130,rishabhdeo
130,kherwara
131,pratapgarh
131,dhariawad
131,peepalkhoont
131,chhoti sadri
131,arnod
132,saharanpur
132,behat
132,nakur
132,deoband
132,rampur maniharan
133,muzaffarnagar
133,kairana
133,shamli
133,budhana
133,khatauli
133,jansath
134,bijnor
134,najibabad
134,nagina
134,dhampur
134,chandpur
135,moradabad
135,thakurdwara
135,kanth
135,bilari
135,sambhal
135,chandausi
136,rampur
136,suar
136,tanda
136,shahabad
136,milak
137,jyotiba phule nagar
137,dhanaura
137,amroha
138,meerut
138,sardhana
138,mawana
139,baghpat
139,baraut
139,khekada
140,ghaziabad
140,modinagar
140,hapur
140,garhmukteshwar
141,gautam buddha nagar
141,jewar
142,bulandshahr
142,sikandrabad
142,siana
142,anupshahr
142,debai
142,khurja
143,aligarh
143,khair
143,gabhana
143,atrauli
143,koil
143,iglas
144,mahamaya nagar
144,sasni
144,sikandra rao
144,hathras
144,sadabad
145,mathura
145,chhata
145,mat
145,mahavan
146,agra
146,etmadpur
146,kiraoli
146,kheragarh
203,pashchim champaran
203,sidhaw
203,gaunaha
203,mainatanr
203,narkatiaganj
203,lauriya
203,bagaha
203,piprasi
203,bhitaha
203,thakrahan
203,jogapatti
203,chanpatia
203,sikta
203,majhaulia
203,bettiah
203,bairia
204,purba champaran
204,raxaul
204,adapur
204,ramgarhwa
204,sugauli
204,banjaria
204,narkatia
204,bankatwa
204,ghorasahan
204,dhaka
204,chiraia
204,motihari
204,turkaulia
204,harsidhi
204,paharpur
204,areraj
204,kesaria
204,kotwa
204,piprakothi
204,chakia
204,pipra
204,pakri dayal
204,patahi
204,phenhara
204,madhuban
204,tetaria
204,mehsi
205,sheohar
205,purnahiya
205,piprarhi
205,dumri katsari
205,tariani chowk
206,sitamarhi
206,bairgania
206,suppi
206,majorganj
206,parihar
206,sursand
206,bathnaha
206,parsauni
206,belsand
206,runisaidpur
206,dumra
206,bajpatti
206,charaut
206,pupri
206,nanpur
206,bokhara
207,madhubani
207,madhwapur
207,harlakhi
207,basopatti
207,ladania
207,laukaha
207,laukahi
207,phulparas
207,babubarhi
207,khajauli
207,kaluahi
207,benipatti
207,bisfi
207,pandaul
207,andhratharhi
207,jhanjharpur
207,ghoghardiha
207,lakhnaur
207,madhepur
208,supaul
208,nirmali
208,chhatapur
208,pratapganj
208,saraigarh bhaptiyahi
208,kishanpur
208,marauna
208,tribeniganj
209,araria
209,narpatganj
209,forbesganj
209,bhargama
209,kursakatta
209,sikti
209,palasi
209,jokihat
210,kishanganj
210,terhagachh
210,dighalbank
210,thakurganj
210,pothia
210,bahadurganj
210,kochadhamin
211,purnia
211,banmankhi
211,bhawanipur
211,rupauli
211,dhamdaha
211,krityanand nagar
211,purnia east
211,kasba
211,jalalgarh
211,amour
211,baisa
211,baisi
211,dagarua
212,katihar
212,falka
212,korha
212,hasanganj
212,kadwa
212,barsoi
212,azamnagar
212,pranpur
212,dandkhora
212,mansahi
212,barari
212,sameli
212,kursela
212,manihari
212,amdabad
213,madhepura
213,gamharia
213,singheshwar
213,ghailarh
213,shankarpur
213,kumarkhand
213,murliganj
213,gwalpara
213,bihariganj
213,puraini
213,alamnagar
214,saharsa
214,satar kataiya
214,mahishi
214,kahara
214,saur bazar
214,patarghat
214,simri bakhtiarpur
214,salkhua
214,banma itahri
215,darbhanga
215,jale
215,singhwara
215,keotiranway
215,manigachhi
215,tardih
215,alinagar
215,benipur
215,bahadurpur
215,hanumannagar
215,hayaghat
215,baheri
215,biraul
215,ghanshyampur
215,kiratpur
215,gora bauram
215,kusheshwar asthan
215,kusheshwar asthan purbi
216,muzaffarpur
216,sahebganj
216,baruraj
216,motipur
216,paroo
216,saraiya
216,marwan
216,kanti
216,minapur
216,bochaha
216,aurai
216,katra
216,gaighat
216,bandra
216,dholi
216,moraul
216,musahri
216,kurhani
216,sakra
217,gopalganj
217,katiya
217,bijaipur
217,bhorey
217,pach deuri
217,kuchaikote
217,phulwaria
217,hathua
217,uchkagaon
217,thawe
217,manjha
217,barauli
217,sidhwalia
218,siwan
218,barharia
218,goriakothi
218,lakri nabiganj
218,bhagwanpur hat
218,maharajganj
218,pachrukhi
218,hussainganj
218,ziradei
218,mairwa
218,guthani
218,darauli
218,andar
218,raghunathpur
218,hasanpura
218,daraundha
218,siswan
219,saran
219,mashrakh
219,panapur
219,taraiya
219,ishupur
219,baniapur
219,lahladpur
219,ekma
219,manjhi
219,jalalpur
219,revelganj
219,nagra
219,marhaura
219,amnour
219,maker
219,parsa
219,dariapur
219,garkha
219,dighwara
219,sonepur
220,vaishali
220,paterhi belsar
220,lalganj
220,goraul
220,chehra kalan
220,patepur
220,mahua
220,jandaha
220,raja pakar
220,hajipur
220,bidupur
220,desri
220,sahdai buzurg
220,mahnar
221,samastipur
221,warisnagar
221,shivaji nagar
221,pusa
221,tajpur
221,morwa
221,patori
221,mohiuddinagar
221,sarairanjan
221,vidyapati nagar
221,dalsinghsarai
221,ujiarpur
221,bibhutpur
221,rosera
221,singhia
221,bithan
222,begusarai
222,khudabandpur
222,chhorahi
222,garhpura
222,cheria bariarpur
222,mansurchak
222,bachhwara
222,teghra
222,barauni
222,birpur
222,naokothi
222,bakhri
222,dandari
222,sahebpur kamal
222,balia
222,matihani
222,shamho akha kurha
223,khagaria
223,alauli
223,mansi
223,chautham
223,beldaur
223,gogri
223,parbatta
224,bhagalpur
224,bihpur
224,kharik
224,naugachhia
224,rangra chowk
224,pirpainti
224,colgong
224,ismailpur
224,sabour
224,nathnagar
224,sultanganj
224,shahkund
224,goradih
224,sonhaula
225,banka
225,shambhuganj
225,rajaun
225,dhuraiya
225,barahat
225,phulidumar
225,belhar
225,chanan
225,katoria
225,bausi
226,munger
226,bariarpur
226,dharhara
226,kharagpur
226,asarganj
226,tetiha bambor
227,lakhisarai
227,barahiya
227,surajgarha
227,chanan*
227,ramgarh chowk
227,halsi
228,sheikhpura
228,barbigha
228,shekhopur sarai
228,ghat kusumbha
228,chewara
228,ariari
229,nalanda
229,karai parsurai
229,nagar nausa
229,harnaut
229,chandi
229,rahui
229,bind
229,sarmera
229,asthawan
229,bihar
229,noorsarai
229,tharthari
229,parbalpur
229,hilsa
229,ekangarsarai
229,ben
229,rajgir
229,silao
229,giriak
229,katrisarai
230,patna
230,maner
230,dinapur
230,khagaul
230,patna rural
230,sampatchak
230,phulwari
230,bihta
230,naubatpur
230,bikram
230,dulhin bazar
230,paliganj
230,masaurhi
230,dhanarua
230,punpun
230,fatwah
230,daniawan
230,khusrupur
230,bakhtiarpur
230,athmalgola
230,belchhi
230,barh
230,pandarak
230,ghoswari
230,mokameh
231,bhojpur
231,arrah
231,koilwar
231,sandesh
231,udwant nagar
231,behea
231,piro
231,charpokhari
231,garhani
231,agiaon
231,tarari
231,sahar
232,buxar
232,simri
232,chakki
232,barhampur
232,chaugain
232,kesath
232,dumraon
232,itarhi
232,nawanagar
233,kaimur
233,bhabua
233,nuaon
233,kudra
233,mohania
233,durgawati
233,chand
233,bhabua
233,adhaura
234,rohtas
234,kochas
234,dinara
234,dawath
234,suryapura
234,bikramganj
234,karakat
234,nasriganj
234,sanjhauli
234,kargahar
234,chenari
234,sheosagar
234,sasaram
234,akorhi gola
234,dehri
234,tilouthu
235,daudnagar
235,haspura
235,goh
235,rafiganj
235,obra
235,barun
235,nabinagar
235,kutumba
235,deo
235,madanpur
236,gaya
236,konch
236,tikari
236,belaganj
236,khizirsarai
236,neem chak bathani
236,muhra
236,atri
236,gaya town c.d. block
236,paraiya
236,guraru
236,gurua
236,amas
236,banke bazar
236,imamganj
236,sherghati
236,dobhi
236,bodh gaya
236,tan kuppa
236,wazirganj
236,barachatti
237,nawada
237,nardiganj
237,warisaliganj
237,kashi chak
237,pakribarawan
237,kawakol
237,roh
237,gobindpur
237,akbarpur
237,hisua
237,narhat
237,meskaur
237,sirdala
237,rajauli
238,jamui
238,islamnagar aliganj
238,sikandra
238,barhat
238,jhajha
238,khaira
238,sono
238,chakai
239,jehanabad
239,ratni faridpur
239,jehanabad
239,kako
239,modanganj
239,ghoshi
239,makhdumpur
239,hulasganj
240,arwal
240,kaler
240,karpi
240,sonbhadra banshi suryapur
240,kurtha
241,north district
241,chungthang
241,mangan
242,west district
242,gyalshing
242,soreng
243,south district
243,namchi
243,ravong
244,east district
244,gangtok
244,pakyong
244,rongli
245,tawang
245,zemithang
245,lumla
245,dudunghar
245,kitpi
245,jang
245,lhou
245,mukto
245,bongkhar
245,thingbu
246,west kameng
246,dirang
246,thembang
246,nafra
246,bomdila
246,kalaktang
246,shergaon
246,rupa
246,singchung
246,jamiri
246,thrizino
246,bhalukpong
246,kamengbari doimara
246,balemu
247,east kameng
247,seijosa
247,dissing passo
247,pakke kessang
247,pizirang
247,richukrong
247,seppa
247,lada
247,bameng
247,pipu dipu
247,gyawe purang
247,khenewa
247,chayangtajo
247,sawa
248,papum pare
248,balijan
248,banderdawa
248,sangdupota
248,besar nello
248,taraso
248,itanagar
248,naharlagun
248,doimukh
248,gumto
248,toru
248,sagalee
248,parang
248,leporiang
248,mengio
248,kimin
248,kakoi
249,upper subansiri
249,taksing
249,limeking
249,nacho
249,siyum
249,taliha
249,payeng
249,giba
249,chetam
249,peer yapu
249,daporijo
249,puchi geko
249,dumporijo
249,gussar
249,gite ripa
249,baririjo
249,maro
250,west siang
250,mechuka
250,monigong
250,pidi
250,payum
250,tato
250,kaying
250,darak
250,kamba
250,rumgong
250,jomlo mobuk
250,liromoba
250,yomcha
250,aalo
250,tirbin
250,basar
250,daring
250,gensi
250,sibe
250,likabali
250,kangku
250,bagra
251,east siang
251,boleng
251,pangin
251,kebang
251,rebo perging
251,koyu
251,kora
251,nari
251,new seren
251,bilat
251,ruksin
251,sille oyan
251,pasighat
251,mebo
251,namsing
252,upper siang
252,tuting
252,migging
252,palling
252,gelling
252,singa
252,yingkiong
252,jengging
252,geku
252,mariyang
252,mopom
252,adipasi
252,katan
253,changlang
253,khimiyong
253,yatdam
253,namtok
253,manmao
253,renuk
253,lyngok longtoi
253,nampong
253,tikhak rima putok
253,jairampur
253,vijoynagar
253,miao
253,kharsang
253,diyun
253,bordumsa
254,tirap
254,soha
254,khonsa
254,dadam
254,kanubari
254,lawnu
254,longding
254,pumao
254,pangchao
254,wakka
254,laju
255,lower subansiri
255,ziro
255,old ziro
255,yachuli
255,yazali
255,pistana
255,kamporijo
255,dollungmukh
255,raga
256,kurung kumey
256,palin
256,yangte
256,sangram
256,nyapin
256,phassang
256,koloriang
256,chambang
256,gangte
256,tarak lengdi
256,sarli
256,parsi parlo
256,damin
256,longding koling
256,pipsorang
256,tali
257,dibang valley
257,mipi
257,anini
257,etalin
257,anelih
257,kronli
257,arzoo circle
258,lower dibang valley
258,hunli
258,desali
258,roing
258,dambuk
258,tinali
258,paglam
258,koronu
259,lohit
259,sunpura
259,tezu
259,wakro
259,chongkham
259,namsai
259,lathao
259,piyong
259,lekang
259,mahadevpur
260,anjaw
260,hayuliang
260,goiliang
260,chaglagam
260,metengliang
260,kibithoo
260,walong
260,hawai
261,mon
261,naginimora
261,tizit
261,hunta
261,shangnyu
261,mon sadar
261,wakching
261,aboi
261,longshen
261,phomching
261,chen
261,angjangyang
261,mopong
261,tobu
261,monyakshu
262,mokokchung
262,longchem
262,alongkima
262,tuli
262,changtongya
262,chuchuyimlang
262,kubolong
262,mangkolemba
262,merangmen
262,ongpangkong
263,zunheboto
263,v.k.
263,akuluto
263,suruhuto
263,asuto
263,aghunato
263,zunheboto sadar
263,atoizu
263,akuhaito
263,pughoboto
263,ghathashi
263,satakha
263,saptiqa
263,satoi
264,wokha
264,changpang
264,aitepyong
264,bhandari
264,baghty
264,sungro
264,sanis
264,lotsu
264,ralan
264,wozhuro
264,wokha sadar
264,englan
264,chukitong
265,dimapur
265,niuland
265,aquqhnaqua
265,kuhoboto
265,nihokhu
265,dimapur sadar
265,chumukedima
265,dhansiripar
265,medziphema
266,phek
266,sekruzu
266,phek sadar
266,khuza
266,meluri
266,phor
266,phokhungri
266,chozuba
266,chetheba
266,sakraba
266,pfutsero
266,zuketsa
266,khezhakeno
266,chizami
266,razieba
267,tuensang
267,noksen
267,chare
267,longkhim
267,tuensang sadar
267,ngoungchung
267,sangsangnyu
267,sotokur
267,noklak
267,chingmei
267,nokhu
267,panso
267,shamator
267,tsurungto
267,chessore
267,mangko
267,thonoknyu
268,longleng
268,tamlu
268,yongnyah
268,sakshi
269,kiphire
269,seyochung
269,amahator
269,kiphire sadar
269,kiusam
269,sitimi
269,longmatra
269,pungro
269,khongsa
270,kohima
270,tseminyu
270,tsogin
270,chiephobozou
270,botsa
270,kezocha
270,jakhama
270,kohima sadar
270,sechu zubza
271,peren
271,pedi
271,ngwalwa
271,jalukie
271,athibung
271,kebai khelma
271,nsong
271,tening
272,senapati
272,mao maram
272,paomata
272,purul
272,sadar hills west
272,saitu gamphazol
272,sadar hills east
273,tamenglong
273,tamenglong west
273,tamenglong north
273,nungba
274,churachandpur
274,tipaimukh
274,thanlon
274,churachandpur north
274,singngat
275,bishnupur
275,nambol
275,moirang
276,thoubal
276,lilong
276,thoubal
276,kakching
277,imphal west
277,lamshang
277,patsoi
277,lamphelpat
277,wangoi
278,imphal east
278,jiribam
278,sawombung
278,porompat
278,keirao bitra
279,ukhrul
279,ukhrul north
279,ukhurl central
279,kamjong chassad
279,phungyar phaisat
279,ukhrul south
280,chandel
280,machi
280,tengnoupal
280,chandel
280,chakpikarong
281,mamit
281,zawlnuam
281,west phaileng
281,reiek
282,kolasib
282,n thingdawl
282,bilkhawthlir
283,aizawl
283,darlawn
283,phullen
283,aibawk
284,champhai
284,ngopa
284,khawzawl
284,khawbung
285,serchhip
286,lunglei
286,west bunghmun
286,lungsen
286,hnahthial
287,lawngtlai
287,chawngte
287,s bungtlang
287,sangau
288,saiha
288,tuipang
289,west tripura
289,hezamara
289,padmabil
289,khowai
289,tulashikhar
289,teliamura
289,mungiakumi
289,mandai
289,jirania
289,dukli
289,jampuijala
289,bishalgarh
289,boxanagar
289,melaghar
289,kathalia
290,south tripura
290,killa
290,ompi
290,matarbari
290,kakraban
290,hrishyamukh
290,bokafa
290,karbuk
290,rupaichhari
290,satchand
291,dhalai
291,salema
291,manu
291,ambassa
291,chhamanu
291,dumburnagar
292,north tripura
292,gournagar
292,kadamtala
292,panisagar
292,damchhara
292,pencharthal
292,kumarghat
292,dasda
292,jampuii hills
293,west garo hills
293,selsella
293,dadenggiri
293,tikrikilla
293,rongram
293,betasing
293,zikzak
293,gambegre
293,dalu
294,east garo hills
294,resubelpara
294,dambo rongjeng
294,kharkutta
294,songsak
294,samanda
295,south garo hills
295,chokpot
295,gasuapara
295,baghmara
295,rongara
296,west khasi hills
296,mawshynrut
296,nongstoin
296,mawthadraishan
296,mairang
296,ranikor
296,mawkyrwat
297,ribhoi
297,umling
297,jirang
297,umsning
298,east khasi hills
298,mawphlang
298,mylliem
298,mawryngkneng
298,mawkynrew
298,khatarshnong laitkroh
298,mawsynram
298,shella bholaganj
298,pynursla
299,jaintia hills
299,thadlaskein
299,laskein
299,amlarem
299,khliehriat
299,saipung
300,kokrajhar
300,bhowraguri
300,dotoma
301,dhubri
301,agamoni
301,south salmara
301,mankachar
302,goalpara
302,balijana
302,matia
302,dudhnai
302,rangjuli
303,barpeta
303,kalgachia
303,baghbor
303,chenga
303,sarthebari
304,morigaon
304,mayong
304,bhuragaon
304,laharighat
304,marigaon
304,mikirbheta
305,nagaon
305,kaliabor
305,samaguri
305,rupahi
305,dhing
305,raha
305,kampur
305,hojai
305,doboka
305,lanka
306,sonitpur
306,chariduar
306,tezpur
306,na duar
306,biswanath
306,helem
306,gohpur
307,lakhimpur
307,bihpuria
307,naobaicha
307,kadam
307,north lakhimpur
308,dhemaji
308,sissibargaon
308,jonai
308,gogamukh
309,tinsukia
309,sadiya
309,doom dooma
309,margherita
310,dibrugarh
310,dibrugarh west
310,dibrugarh east
310,chabua
310,tengakhat
310,moran
310,tingkhong
310,naharkatiya
311,sivasagar
311,dimow
311,amguri
311,nazira
311,sonari
311,mahmora
312,jorhat
312,majuli
312,jorhat west
312,jorhat east
312,teok
312,titabor
312,mariani
313,golaghat
313,bokakhat
313,khumtai
313,dergaon
313,morangi
313,sarupathar
314,karbi anglong
314,donka
314,diphu
314,phuloni
314,silonijan
315,dima hasao
315,umrangso
315,haflong
315,mahur
315,maibong
316,cachar
316,katigora
316,silchar
316,udarbond
316,sonai
317,karimganj
317,badarpur
317,nilambazar
317,patharkandi
317,ramkrishna nagar
318,hailakandi
318,algapur
318,lala
318,katlichara
319,bongaigaon
319,boitamari
319,srijangram
320,chirang
320,bengtol
320,nan
321,kamrup
321,koya
321,kamalpur
321,hajo
321,chhaygaon
321,goroimari
321,chamaria
321,nagarbera
321,boko
321,palasbari
322,kamrup metropolitan
322,azara
322,guwahati
322,dispur
323,nalbari
323,pachim nalbari
323,barkhetri
323,barbhag
323,banekuchi
324,baksa
324,baska
324,tamulpur
325,darrang
325,sipajhar
326,udalguri
326,harisinga
326,mazbat
327,darjiling
327,darjeeling pulbazar
327,rangli rangliot
327,kalimpong
327,kalimpong
327,gorubathan
327,jorebunglow sukiapokhri
327,mirik
327,kurseong
327,matigara
327,naxalbari
327,phansidewa
327,kharibari
328,jalpaiguri
328,rajganj
328,mal
328,matiali
328,nagrakata
328,madarihat
328,kalchini
328,kumargram
328,alipurduar
328,alipurduar
328,falakata
328,dhupguri
328,maynaguri
328,jalpaiguri
329,koch bihar
329,haldibari
329,mekliganj
329,mathabhanga
329,mathabhanga
329,cooch behar
329,cooch behar
329,tufanganj
329,tufanganj
329,dinhata
329,dinhata
329,sitai
329,sitalkuchi
330,uttar dinajpur
330,chopra
330,goalpokhar
330,goalpokhar
330,karandighi
330,raiganj
330,hemtabad
330,kaliaganj
330,itahar
331,dakshin dinajpur
331,kushmundi
331,gangarampur
331,kumarganj
331,hilli
331,balurghat
331,tapan
331,bansihari
331,harirampur
332,maldah
332,harischandrapur
332,harischandrapur
332,chanchal
332,chanchal
332,ratua
332,ratua
332,gazole
332,bamangola
332,habibpur
332,maldah
332,english bazar
332,manikchak
332,kaliachak
332,kaliachak
332,kaliachaki
333,murshidabad
333,farakka
333,samserganj
333,suti
333,suti
333,raghunathganj
333,raghunathganj
333,lalgola
333,sagardighi
333,bhagawangola
333,bhagawangola
333,raninagar
333,jalangi
333,domkal
333,raninagar
333,murshidabad jiaganj
333,nabagram
333,khargram
333,berhampore
333,hariharpara
333,nawda
333,beldanga
333,beldanga
333,bharatpur
333,bharatpur
333,burwan
334,birbhum
334,murarai
334,murarai
334,nalhati
334,nalhati
334,rampurhat
334,rampurhat
334,mayureswar
334,mayureswar
334,mohammad bazar
334,suri
334,suri
334,sainthia
334,labpur
334,nanoor
334,bolpur sriniketan
334,illambazar
334,dubrajpur
334,khoyrasol
335,barddhaman
335,salanpur
335,barabani
335,jamuria
335,ondal
335,pandabeswar
335,faridpur durgapur
335,kanksa
335,ausgram
335,ausgram
335,mangolkote
335,ketugram
335,ketugram
335,katwa
335,katwa
335,purbasthali
335,purbasthali
335,manteswar
335,bhatar
335,galsi
335,galsi
335,burdwan
335,burdwan
335,memari
335,memari
335,kalna
335,kalna
335,raina
335,khandaghosh
335,raina
336,nadia
336,karimpur
336,karimpur
336,tehatta
336,tehatta
336,kaliganj
336,nakashipara
336,krishnagar
336,nabadwip
336,krishnagar
336,krishnaganj
336,hanskhali
336,santipur
336,ranaghat
336,ranaghat
336,chakdah
336,haringhata
337,north twenty four parganas
337,bagda
337,bongaon
337,gaighata
337,swarupnagar
337,habra
337,habra
337,amdanga
337,barrackpur
337,barrackpur
337,barasat
337,barasat
337,deganga
337,baduria
337,basirhat
337,basirhat
337,haroa
337,rajarhat
337,minakhan
337,sandeshkhali
337,sandeshkhali
337,hasnabad
337,hingalganj
338,hugli
338,goghat
338,goghat
338,arambag
338,pursura
338,tarakeswar
338,dhaniakhali
338,pandua
338,balagarh
338,chinsurah magra
338,polba dadpur
338,haripal
338,singur
338,serampur uttarpara
338,chanditala
338,chanditala
338,jangipara
338,khanakul
338,khanakul
339,bankura
339,saltora
339,mejhia
339,gangajalghati
339,chhatna
339,indpur
339,bankura
339,bankura
339,barjora
339,sonamukhi
339,patrasayer
339,indus
339,kotulpur
339,jaypur
339,vishnupur
339,onda
339,taldangra
339,simlapal
339,khatra
339,hirbandh
339,ranibundh
339,sarenga
340,puruliya
340,purulia
340,para
340,raghunathpur
340,raghunathpur
340,neturia
340,santuri
340,hura
340,purulia
340,puncha
340,arsha
340,jhalda
340,jhalda
340,bagmundi
340,balarampur
340,barabazar
340,manbazar
340,manbazar
340,bundwan
341,haora
341,udaynarayanpur
341,amta
341,amta
341,jagatballavpur
341,domjur
341,bally jagachha
341,panchla
341,uluberia
341,uluberia
341,bagnan
341,bagnan
341,shyampur
341,shyampur
342,kolkata
343,south twenty four parganas
343,thakurpukur mahestola
343,budge budge
343,budge budge
343,bishnupur
343,bishnupur
343,sonarpur
343,bhangar
343,bhangar
343,canning
343,canning
343,baruipur
343,magrahat
343,magrahat
343,falta
343,diamond harbour
343,diamond harbour
343,kulpi
343,mandirbazar
343,mathurapur
343,jaynagar
343,jaynagar
343,kultali
343,basanti
343,gosaba
343,mathurapur
343,kakdwip
343,namkhana
343,patharpratima
344,paschim medinipur
344,binpur
344,binpur
344,garbeta
344,garbeta
344,garbetai
344,chandrakona
344,chandrakona
344,ghatal
344,daspur
344,daspur
344,keshpur
344,salbani
344,midnapore
344,jhargram
344,jamboni
344,gopiballavpur
344,gopiballavpur
344,nayagram
344,kharagpur
344,kharagpur
344,debra
344,pingla
344,sabang
344,narayangarh
344,keshiary
344,dantan
344,dantan
345,purba medinipur
345,panskura
345,kolaghat
345,tamluk
345,sahid matangini
345,nanda kumar
345,mahisadal
345,moyna
345,potashpur
345,potashpur
345,bhagawanpur
345,bhagawanpur
345,chandipur
345,sutahata
345,haldia
345,nandigram
345,nandigram
345,khejuri
345,khejuri
345,contai
345,deshopran
345,contaii
345,egra
345,egra
345,ramnagar
345,ramnagar
346,garhwa
346,kharaundhi
346,bhawnathpur
346,ketar
346,majhiaon
346,bardiha
346,ramna
346,bishunpura
346,nagaruntari
346,dhurki
346,sagma
346,dandai
346,chinia
346,meral
346,pipra kalan
346,garhwa
346,danda
346,ranka
346,ramkanda
346,bhandaria
347,chatra
347,shaligram ram narayanpur
347,hunterganj
347,kunda
347,lawalaung
347,kanha chatti
347,itkhori
347,mayur hand
347,pathalgora
347,simaria
347,tandwa
348,kodarma
348,satgawan
348,domchanch
348,chandwara
348,markacho
349,giridih
349,gawan
349,tisri
349,dhanwar
349,jamua
349,bengabad
349,gande
349,birni
349,bagodar
349,sariya
349,pirtanr
350,deoghar
350,sarwan
350,sona rai tharhi
350,devipur
350,madhupur
350,margo munda
350,karon
350,sarath
350,palojori
351,godda
351,meherma
351,thakurgangti
351,boarijor
351,mahagama
351,pathargama
351,bashant rai
351,poreyahat
351,sundarpahari
352,sahibganj
352,mandro
352,borio
352,barhait
352,taljhari
352,rajmahal
352,udhwa
352,pathna
352,barharwa
353,pakur
353,litipara
353,amrapara
353,hiranpur
353,pakaur
353,maheshpur
353,pakuria
354,dhanbad
354,tundi
354,purbi tundi
354,topchanchi
354,baghmara
354,katras
354,dhanbad
354,kenduadih
354,jagata
354,jharia
354,jorapokhar
354,sindri
354,baliapur
354,nirsa
354,chirkunda
355,bokaro
355,nawadih
355,chandrapura
355,bermo
355,gumia
355,peterwar
355,kasmar
355,jaridih
355,chas
355,chandankiyari
356,lohardaga
356,kisko
356,peshrar
356,kuru
356,kairo
356,senha
356,bhandra
357,purbi singhbhum
357,patamda
357,boram
357,golmuri
357,jugsalai
357,ghatshila
357,potka
357,musabani
357,dhalbhumgarh
357,gurbandha
357,chakulia
357,baharagora
358,palamu
358,hussainabad
358,haidernagar
358,mohammad ganj
358,hariharganj
358,nawadiha bazar
358,nawadiha
358,pandu
358,untari road
358,bishrampur
358,nawa bazar
358,padwa
358,manatu
358,tarhasi
358,panki
358,satbarwa
358,nilambar pitambarpur
358,lesliganj
358,medininagar
358,daltonganj
359,latehar
359,manika
359,barwadih
359,mahuadanr
359,garu
359,balumath
359,bariyatu
359,herhanj
359,chandwa
360,hazaribagh
360,chauparan
360,padma
360,ichak
360,tati jhariya
360,daru
360,barkatha
360,chalkusa
360,bishungarh
360,hazaribag
360,katkamsandi
360,katamdag
360,keredari
360,barkagaon
360,churchu
360,dadi
361,ramgarh
361,patratu
361,mandu
361,dulmi
361,chitarpur
361,gola
362,dumka
362,saraiyahat
362,jarmundi
362,gopikandar
362,kathikund
362,shikaripara
362,ranishwar
362,jama
362,masalia
363,jamtara
363,karma tanr vidyasagar
363,nala
363,kundhit
364,ranchi
364,burmu
364,khelari
364,kanke
364,ormanjhi
364,angara
364,rahe
364,silli
364,sonahatu
364,namkum
364,ratu
364,mandar
364,chanho
364,bero
364,itki
364,lapung
364,bundu
364,tamar i
365,khunti
365,karra
365,torpa
365,murhu
365,erki
365,tamar ii
366,gumla
366,bishunpur
366,ghaghra
366,sisai
366,verno
366,kamdara
366,basia
366,albert ekka
366,jari
366,raidih
366,palkot
367,simdega
367,pakar tanr
367,kurdeg
367,kersai
367,bolba
367,thethaitangar
367,kolebira
367,jaldega
367,bansjor
367,bano
368,pashchimi singhbhum
368,pashchim singhbhum
368,west singhbhum
368,sonua
368,gudri
368,bandgaon
368,chakradharpur
368,khuntpani
368,goilkera
368,anandpur
368,manoharpur
368,noamundi
368,tonto
368,hat gamharia
368,chaibasa
368,tantnagar
368,manjhari
368,jhinkpani
368,jagannathpur
368,kumardungi
368,majhgaon
369,saraikela kharsawan
369,kuchai
369,kharsawan
369,chandil
369,ichagarh
369,kukru
369,nimdih
369,adityapur
369,gamharia
369,saraikela
369,gobindpur
369,rajnagar
370,bargarh
370,paikamal
370,jharbandha
370,burden
370,gaisilet
370,melchhamunda
370,sohela
370,bijepur
370,barapali
370,bheden
370,bargarh sadar
370,bhatli
370,ambabhona
370,attabira
371,jharsuguda
371,rengali
371,belpahar
371,banaharapali
371,orient
371,brajarajnagar
371,badmal
371,laikera
371,kolabira
372,sambalpur
372,govindpur
372,mahulpalli
372,kochinda
372,katarbaga
372,thelkoloi
372,rengali
372,sasan
372,hirakud
372,burla
372,dhanupali
372,ainthapali
372,jamankira
372,kisinda
372,jujomura
372,dhama
372,charamal
372,rairakhol
372,naktideul
372,sambalpur
373,debagarh
373,barkot
373,kundheigola
373,reamal
374,sundargarh
374,hemgir
374,lephripara
374,bhasma
374,dharuadihi
374,sundargarh town
374,sundargarh
374,kinjirkela
374,talasara
374,baragaon
374,kutra
374,rajagangapur
374,raiboga
374,biramitrapur
374,hatibari
374,bisra
374,bondamunda
374,brahmani tarang
374,raghunathapali
374,tangarapali
374,lathikata
374,chandiposh
374,kamarposh balang
374,koida
374,lahunipara
374,gurundia
374,tikaetpali
374,banei
374,mahulapada
374,raurkela
375,kendujhar
375,barbil
375,bolani
375,rugudi
375,joda
375,bamebari
375,champua
375,jhumpura
375,baria
375,turumunga
375,patana
375,kendujhar sadar
375,kendujhar town
375,nayakote
375,kanjipani
375,telkoi
375,pandapara
375,ghatgaon
375,harichandanpur
375,daitari
375,ghasipura
375,anandapur
375,soso
375,nandipada
375,sainkul
376,mayurbhanj
376,tiring
376,bahalda
376,jamda
376,rairangpur town
376,gorumahisani
376,jharpokharia
376,bisoi
376,rairangpur
376,badampahar
376,jashipur
376,raruan
376,ghagarbeda
376,karanjia
376,thakurmunda
376,baripada sadar
376,baripada town
376,koliana
376,bangiriposi
376,chandua
376,suliapada
376,muruda
376,rasagobindapur
376,baisinga
376,betanati
376,barsahi
376,khunta
376,udala
376,kaptipada
376,sharata
376,mahuldiha
376,baripada
377,baleshwar
377,raibania
377,jaleswar
377,bhograi
377,kamarda
377,baliapal
377,singla
377,basta
377,rupsa
377,baleshwar sadar
377,sahadevkhunta
377,chandipur
377,balaramgadi marine
377,bampada
377,remuna
377,nilagiri
377,berhampur
377,oupada
377,khaira
377,soro
377,similia
377,baleshwar
378,bhadrak
378,agarpada
378,bant
378,bhandari pokhari
378,dhamanagar
378,bhadrak rural
378,basudebpur
378,naikanidihi
378,tihidi
378,dhusuri
378,chandabali
378,bansada
378,dhamara marine
379,kendrapara
379,rajkanika
379,rajnagar
379,jamboo marine
379,aali
379,pattamundai
379,kendrapara
379,kendrapara sadar
379,nikirai
379,derabish
379,patkura
379,marsaghai
379,mahakalapada
380,jagatsinghapur
380,paradip
380,paradeep lock
380,kujang
380,abhyachandpur
380,ersama
380,tirtol
380,jagatsinghapur
380,biridi
380,naugaon
380,balikuda
381,cuttack
381,narasinghpur
381,kanpur
381,badamba
381,baidyeswar
381,banki
381,tigiria
381,athagad
381,barang
381,gurudijhatia
381,khuntuni
381,choudwar
381,tangi
381,mahanga
381,salepur
381,nischintakoili
381,nemalo
381,kishannagar
381,jagatpur
381,cuttack sadar
381,kandarpur
381,c.r.r.i.
381,olatapur
381,niali
381,cuttack
382,jajapur
382,sukinda
382,tomka
382,kaliapani
382,kalinganagar
382,jakhapura
382,jajapur road
382,korai
382,panikoili
382,jajapur
382,jajpur sadar
382,dharmasala
382,jenapur
382,kuakhia
382,badachana
382,balichandrapur
382,binjharpur
382,bari ramachandrapur
382,mangalpur
383,dhenkanal
383,parajang
383,kamakshyanagar
383,kankadahad
383,bhuban
383,gandia
383,nihalprasad
383,tumusingha
383,motunga
383,balimi
383,hindol
383,rasol
383,dhenkanal sadar
384,anugul
384,palalahada
384,khamar
384,rengali damsite
384,kaniha
384,n.t.p.c.
384,samal barrage
384,talcher sadar
384,colliery
384,bikrampur
384,nalco
384,banarpal
384,anugul
384,jarapada
384,industrial
384,chhendipada
384,handapa
384,kishorenagar
384,athmallik
384,kiakata
384,thakurgarh
384,purunakot
384,bantala
385,nayagarh
385,gania
385,dasapalla
385,banigochha
385,nuagaon
385,khandapada
385,fategarh
385,nayagarh
385,itamati
385,nayagarh sadar
385,odagaon
385,sarankul
385,ranapur
386,khordha
386,bolagad
386,begunia
386,khordha sadar
386,chandaka
386,nandankanan
386,saheednagar
386,mancheswar
386,balianta
386,balipatna
386,lingaraj
386,airfield (kapila prasad)
386,uttara
386,khandagiri
386,tamando
386,jatani
386,jankia
386,nirakarpur
386,tangi
386,balugaon
386,banapur
386,bhubaneswar
387,puri
387,delanga
387,pipili
387,nimapada
387,kakatpur
387,astaranga
387,konark
387,gop
387,ramachandi
387,satyabadi
387,chandanpur
387,sadar
387,brahmagiri
387,gadisagada
387,krushna prasad
387,puri
388,ganjam
388,tarasingi
388,buguda
388,jagannath prasad
388,bhanjanagar
388,surada
388,badagada
388,asika
388,dharakote
388,kabisuryanagar
388,polasara
388,kodala
388,khalikote
388,rambha
388,chhatrapur
388,chamakhandi
388,arjyapalli marine
388,purusottampur
388,hinjili
388,patapur
388,seragad
388,brahmapur sadar
388,golanthara
388,digapahandi
388,jarada
388,brahmapur
389,gajapati
389,adva
389,mohana
389,r.udaygiri
389,serango
389,kashinagara
389,parlakhemundi
389,gurandi
389,garabandha
390,kandhamal
390,gochhapada
390,phulabani
390,phulabani town
390,khajuripada
390,g.udayagiri
390,tikabali
390,chakapada
390,sarangagarh
390,phiringia
390,baliguda
390,tumudibandha
390,belaghar
390,kotagarh
390,brahmanigaon
390,daringbadi
390,raikia
391,baudh
391,kantamal
391,manamunda
391,baunsuni
391,baudh sadar
391,puruna katak
391,harbhanga
392,subarnapur
392,dunguripali
392,rampur
392,binika
392,ulunda
392,biramaharajpur
392,subalaya
392,tarbha
393,balangir
393,loisinga
393,tushura
393,patnagarh
393,khaprakhol
393,turekela
393,belpara
393,saintala
393,kantabanji
393,bangomunda
393,sindhekela
393,titlagarh
394,nuapada
394,jonk
394,komna
394,khariar
394,boden
394,sinapali
395,kalahandi
395,kesinga
395,madanpur rampur
395,narala
395,lanjigarh
395,biswanathpur
395,kegaon
395,junagarh
395,golamunda
395,dharamgarh
395,kokasara
395,jayapatna
395,thuamul rampur
396,rayagada
396,ambadala
396,muniguda
396,bishamakatak
396,kalyanasingpur
396,kashipur
396,andirakanch
396,tikiri
396,doraguda
396,seskhal
396,gunupur
396,gudari
396,puttasing
397,nabarangapur
397,raighar
397,kundei
397,umarkote
397,chandahandi
397,jharigan
397,dabugan
397,paparahandi
397,kodinga
397,kosagumuda
397,nabarangapur
397,tentulikhunti
397,khatiguda
398,koraput
398,kotpad
398,boriguma
398,bhairabsingipur
398,dasamantapur
398,narayanpatana
398,bandhugaon
398,kakiriguma
398,koraput
398,koraput town
398,jeypore
398,kundura
398,boipariguda
398,machh kund
398,padua
398,nandapur
398,similiguda
398,sunabeda
398,damonjodi
398,pottangi
398,kotiya
399,malkangiri
399,malkangiri
399,mathili
399,mudulipada
399,chitrakonda
399,paparmetla
399,jodamba
399,orkel
399,kalimela
399,podia
399,m.v. 79
399,motu
400,koriya
400,sonhat
400,manendragarh
400,khadganva
401,surguja
401,ramanujganj
401,wadrafnagar
401,samri
401,kusmi
401,shankargarh
401,surajpur
401,oudgi
401,bhaiyathan
401,ramanujnagar
401,premnagar
401,ambikapur
401,udaypur
401,lundra
401,sitapur
401,batouli
401,mainpat
402,jashpur
402,bagicha
402,kansabel
402,jashpur
402,kunkuri
402,duldula
402,farsabahar
402,pathalgaon
403,raigarh
403,udaipur
403,dharamjaigarh
403,lailunga
403,gharghoda
403,tamnar
403,pusour
403,kharsia
403,sarangarh
403,baramkela
404,korba
404,katghora
404,poundi uproda
404,korba
404,kartala
405,janjgir champa
405,janjgir
405,akaltara
405,baloda
405,champa
405,sakti
405,pamgarh
405,dabhra
405,malkharoda
405,jaijaipur
406,bilaspur
406,pendra road gorella
406,marwahi
406,pendra
406,lormi
406,mungeli
406,pathariya
406,takhatpur
406,masturi
406,bilha
407,kabeerdham
407,kawardha
407,bodla
407,sahaspur lohara
407,pandariya
408,rajnandgaon
408,chhuikhadan
408,khairagarh
408,dongargarh
408,chhuriya
408,dongargaon
408,mohla
408,ambagarh
409,durg
409,bemetara
409,saja
409,thanakhamria
409,berla
409,dhamdha
409,gunderdehi
409,dondi luhara
409,balod
409,dondi
409,gurur
410,raipur
410,simga
410,bhatapara
410,baloda bazar
410,palari
410,kasdol
410,bilaigarh
410,arang
410,abhanpur
410,rajim
410,tilda
410,bindranavagarh
410,gariyaband
410,chhura
410,mainpur
410,deobhog
411,mahasamund
411,basna
411,saraipali
411,pithora
411,bagbahra
412,dhamtari
412,kurud
412,magarlod
412,dhamtari
413,uttar bastar kanker
413,charama
413,bhanupratappur
413,durgkondal
413,kanker
413,narharpur
413,antagarh
413,pakhanjur
414,bastar
414,keskal
414,bade rajpur
414,kondagaon
414,makdi
414,farasgaon
414,jagdalpur
414,lohandiguda
414,bastanar
414,bakavand
414,tokapal
414,darbha
415,narayanpur
416,dakshin bastar dantewada
416,dantewada
416,gidam
416,katekalyan
416,kuakonda
416,konta
416,chhindgarh
416,sukma
417,bijapur
417,bhopalpattnam
417,usur
417,bhairamgarh
418,sheopur
418,vijaypur
418,beerpur
418,sheopur
418,badoda
418,karahal
419,morena
419,ambah
419,porsa
419,joura
419,kailaras
419,sabalgarh
420,bhind
420,ater
420,mehgaon
420,gormi
420,gohad
420,ron
420,mihona
420,lahar
421,gwalior
421,gird
421,dabra
421,pichhore
421,bhitarwar
421,chinour
422,datia
422,seondha
422,indergarh
422,bhander
423,shivpuri
423,pohri
423,narwar
423,karera
423,kolaras
423,badarwas
423,pichhore
423,khaniyadhana
424,tikamgarh
424,niwari
424,prithvipur
424,jatara
424,mohangarh
424,palera
424,baldeogarh
424,khargapur
425,chhatarpur
425,gaurihar
425,laundi
425,chandla
425,nowgong
425,maharajpur
425,bada malhera
425,ghuwara
425,bijawar
425,buxwaha
426,panna
426,ajaigarh
426,devendranagar
426,gunnor
426,amanganj
426,pawai
426,shahnagar
426,raipura
427,sagar
427,bina
427,khurai
427,malthon
427,banda
427,shahgarh
427,rahatgarh
427,garhakota
427,rehli
427,kesli
428,damoh
428,hatta
428,patera
428,batiyagarh
428,patharia
428,jabera
429,satna
429,raghurajnagar
429,majhgawan
429,birsinghpur
429,nagod
429,unchahara
429,rampur baghelan
429,kotar
429,amarpatan
429,maihar
430,rewa
430,teonthar
430,jawa
430,sirmour
430,mangawan
430,semaria
430,hanumana
430,mauganj
430,naigarhi
430,raipur karchuliyan
430,gurh
431,umaria
431,bandhogarh
431,chandia
431,nowrozabad
432,neemuch
432,jawad
432,singoli
432,neemuch
432,jiran
432,manasa
433,mandsaur
433,bhanpura
433,malhargarh
433,garoth
433,shamgarh
433,daloda
433,sitamau
433,suwasara
434,ratlam
434,piploda
434,jaora
434,alot
434,tal
434,sailana
434,bajna
434,rawti
435,ujjain
435,khacharod
435,nagda
435,mahidpur
435,ghatiya
435,tarana
435,badnagar
436,shajapur
436,susner
436,nalkheda
436,badod
436,agar
436,gulana
436,moman badodiya
436,shujalpur
436,kalapipal
437,dewas
437,tonk khurd
437,sonkatch
437,kannod
437,satwas
437,bagli
437,hatpiplya
437,khategaon
438,dhar
438,badnawar
438,sardarpur
438,gandhwani
438,kukshi
438,dahi
438,manawar
438,dharampuri
439,indore
439,depalpur
439,hatod
439,sawer
439,mhow
440,khargone
440,west nimar
440,barwaha
440,maheshwar
440,kasrawad
440,segaon
440,bhikangaon
440,khargone
440,gogaon
440,bhagwanpura
440,jhiranya
441,barwani
441,barwani
441,thikri
441,anjad
441,pansemal
441,niwali
441,sendhwa
441,varla
442,rajgarh
442,jirapur
442,khilchipur
442,biaora
442,sarangpur
442,narsinghgarh
442,pachore
443,vidisha
443,lateri
443,sironj
443,kurwai
443,basoda
443,tyonda
443,nateran
443,gyaraspur
443,gulabganj
444,bhopal
444,berasia
445,sehore
445,shyampur
445,ashta
445,jawar
445,ichhawar
445,nasrullaganj
445,budni
445,rehti
446,raisen
446,gairatganj
446,begamganj
446,goharganj
446,baraily
446,badi
446,silwani
446,udaipura
447,betul
447,bhainsdehi
447,athner
447,betul
447,chicholi
447,ghoda dongri
447,multai
447,amla
448,harda
448,khirkiya
448,sirali
448,harda
448,handiya
448,timarni
448,rehatgaon
449,hoshangabad
449,seoni malwa
449,itarsi
449,dolariya
449,babai
449,bankhedi
450,katni
450,murwara
450,rithi
450,badwara
450,vijayraghavgarh
450,bahoriband
450,dhimarkheda
451,jabalpur
451,sihora
451,majholi
451,panagar
451,kundam
452,narsimhapur
452,gotegaon
452,gadarwara
452,kareli
453,dindori
454,mandla
454,niwas
454,narayanganj
454,ghughari
454,bichhiya
454,nainpur
455,chhindwara
455,tamia
455,amarwara
455,harrai
455,chaurai
455,jamai
455,parasia
455,mohkhed
455,sausar
455,bichhua
455,pandhurna
456,seoni
456,lakhnadon
456,chhapara
456,ghansaur
456,keolari
456,barghat
456,kurai
457,balaghat
457,katangi
457,tirodi
457,waraseoni
457,khairlanji
457,lalbarra
457,kirnapur
457,baihar
457,paraswada
457,lanji
458,guna
458,bamori
458,raghogarh
458,maksoodangarh
458,kumbhraj
458,aron
458,chachaura
459,ashoknagar
459,isagarh
459,chanderi
459,shadhora
459,mungaoli
460,shahdol
460,beohari
460,jaisinghnagar
460,jaitpur
461,anuppur
461,kotma
461,jaithari
461,pushparajgarh
462,sidhi
462,rampur naikin
462,churhat
462,gopadbanas
462,sihawal
462,majhauli
462,kusmi
463,singrauli
463,chitrangi
463,deosar
464,jhabua
464,thandla
464,petlawad
464,meghnagar
464,ranapur
465,alirajpur
465,bhavra
465,jobat
466,khandwa
466,east nimar
466,harsud
466,khalwa
466,khandwa
466,punasa
466,pandhana
467,burhanpur
467,khaknar
467,nepanagar
468,kachchh
468,lakhpat
468,rapar
468,bhachau
468,anjar
468,bhuj
468,nakhatrana
468,abdasa
468,mundra
468,gandhidham
469,banas kantha
469,vav
469,tharad
469,dhanera
469,dantiwada
469,amirgadh
469,danta
469,vadgam
469,palanpur
469,deesa
469,deodar
469,bhabhar
469,kankrej
470,patan
470,santalpur
470,radhanpur
470,sidhpur
470,harij
470,sami
470,chanasma
471,mahesana
471,satlasana
471,kheralu
471,unjha
471,visnagar
471,vadnagar
471,vijapur
471,becharaji
471,kadi
472,sabar kantha
472,khedbrahma
472,vijaynagar
472,vadali
472,idar
472,bhiloda
472,meghraj
472,himatnagar
472,prantij
472,talod
472,modasa
472,dhansura
472,malpur
472,bayad
473,gandhinagar
473,dehgam
474,ahmadabad
474,detroj rampura
474,viramgam
474,sanand
474,ahmadabad city
474,daskroi
474,dholka
474,bavla
474,ranpur
474,barwala
474,dhandhuka
475,surendranagar
475,halvad
475,dhrangadhra
475,dasada
475,lakhtar
475,wadhwan
475,muli
475,chotila
475,chuda
475,limbdi
476,rajkot
476,maliya
476,morvi
476,tankara
476,wankaner
476,paddhari
476,lodhika
476,kotda sangani
476,jasdan
476,gondal
476,jamkandorna
476,upleta
476,dhoraji
476,jetpur
477,jamnagar
477,okhamandal
477,khambhalia
477,jodiya
477,dhrol
477,kalavad
477,lalpur
477,bhanvad
477,jamjodhpur
478,porbandar
478,porbandar
478,ranavav
478,kutiyana
479,junagadh
479,manavadar
479,vanthali
479,bhesan
479,visavadar
479,mendarda
479,keshod
479,malia
479,talala
479,patan veraval
479,sutrapada
479,kodinar
480,amreli
480,kunkavav vadia
480,babra
480,lathi
480,lilia
480,bagasara
480,savar kundla
480,khambha
480,jafrabad
480,rajula
481,bhavnagar
481,botad
481,vallabhipur
481,gadhada
481,umrala
481,ghogha
481,sihor
481,gariadhar
481,palitana
481,talaja
482,anand
482,sojitra
482,anand
482,petlad
482,khambhat
482,borsad
482,anklav
483,kheda
483,kapadvanj
483,virpur
483,balasinor
483,kathlal
483,mehmedabad
483,matar
483,nadiad
483,mahudha
483,thasra
484,panch mahals
484,kadana
484,santrampur
484,lunawada
484,shehera
484,morwa
484,hadaf
484,godhra
484,ghoghamba
484,halol
484,jambughoda
485,dohad
485,fatepura
485,jhalod
485,limkheda
485,dohad
485,garbada
485,devgadbaria
485,dhanpur
486,vadodara
486,savli
486,vaghodia
486,jetpur pavi
486,chhota udaipur
486,kavant
486,nasvadi
486,sankheda
486,dabhoi
486,padra
486,karjan
486,sinor
487,narmada
487,tilakwada
487,nandod
487,dediapada
487,sagbara
488,bharuch
488,jambusar
488,amod
488,vagra
488,jhagadia
488,anklesvar
488,hansot
488,valia
489,the dangs
490,navsari
490,navsari
490,jalalpore
490,gandevi
490,bansda
491,valsad
491,dharampur
491,pardi
491,kaprada
491,umbergaon
492,surat
492,olpad
492,umarpada
492,kamrej
492,surat city
492,chorasi
492,palsana
492,bardoli
493,tapi
493,nizar
493,uchchhal
493,songadh
493,vyara
493,valod
494,diu
495,daman
496,dadra and nagar haveli
496,dadra & nagar haveli
497,nandurbar
497,akkalkuwa
497,akrani
497,talode
497,shahade
497,nawapur
498,dhule
498,shirpur
498,sindkhede
498,sakri
499,jalgaon
499,chopda
499,yawal
499,raver
499,muktainagar
499,bodvad
499,bhusawal
499,erandol
499,dharangaon
499,amalner
499,parola
499,bhadgaon
499,chalisgaon
499,pachora
499,jamner
500,buldana
500,jalgaon
500,jamod
500,shegaon
500,nandura
500,malkapur
500,motala
500,khamgaon
500,mehkar
500,deolgaon raja
500,sindkhed raja
500,lonar
501,akola
501,telhara
501,akot
501,balapur
501,murtijapur
501,patur
501,barshitakli
502,washim
502,mangrulpir
502,risod
503,amravati
503,dharni
503,chikhaldara
503,anjangaon surji
503,achalpur
503,chandurbazar
503,morshi
503,warud
503,teosa
503,bhatkuli
503,daryapur
503,nandgaon khandeshwar
503,chandur railway
503,dhamangaon railway
504,wardha
504,arvi
504,seloo
504,hinganghat
504,samudrapur
505,nagpur
505,narkhed
505,katol
505,kalameshwar
505,savner
505,parseoni
505,ramtek
505,mauda
505,kamptee
505,nagpur
505,hingna
505,umred
505,kuhi
505,bhiwapur
506,bhandara
506,tumsar
506,mohadi
506,sakoli
506,lakhani
506,pauni
506,lakhandur
507,gondiya
507,tirora
507,goregaon
507,amgaon
507,salekasa
507,sadak arjuni
507,arjuni morgaon
508,gadchiroli
508,desaiganj
508,vadasa
508,armori
508,kurkheda
508,korchi
508,chamorshi
508,mulchera
508,etapalli
508,bhamragad
508,aheri
508,sironcha
509,chandrapur
509,warora
509,chimur
509,nagbhir
509,brahmapuri
509,sawali
509,sindewahi
509,bhadravati
509,mul
509,pombhurna
509,ballarpur
509,korpana
509,jiwati
509,rajura
509,gondpipri
510,yavatmal
510,ner
510,babulgaon
510,darwha
510,digras
510,pusad
510,umarkhed
510,mahagaon
510,arni
510,ghatanji
510,kelapur
510,ralegaon
510,maregaon
510,zari jamani
510,wani
511,nanded
511,mahoor
511,kinwat
511,himayatnagar
511,hadgaon
511,ardhapur
511,mudkhed
511,bhokar
511,umri
511,dharmabad
511,biloli
511,naigaon
511,khairgaon
511,loha
511,kandhar
511,mukhed
511,deglur
512,hingoli
512,sengaon
512,aundha
512,nagnath
512,kalamnuri
512,basmath
513,parbhani
513,sailu
513,jintur
513,manwath
513,pathri
513,sonpeth
513,gangakhed
513,palam
513,purna
514,jalna
514,bhokardan
514,jafferabad
514,badnapur
514,ambad
514,ghansawangi
514,partur
514,mantha
515,aurangabad
515,kannad
515,soegaon
515,sillod
515,phulambri
515,khuldabad
515,vaijapur
515,paithan
516,nashik
516,surgana
516,kalwan
516,deola
516,baglan
516,nandgaon
516,chandvad
516,dindori
516,peint
516,trimbakeshwar
516,igatpuri
516,sinnar
516,niphad
516,yevla
517,thane
517,talasari
517,dahanu
517,vikramgad
517,jawhar
517,mokhada
517,vada
517,palghar
517,vasai
517,bhiwandi
517,shahapur
517,kalyan
517,ulhasnagar
517,ambarnath
517,murbad
518,mumbai suburban
519,mumbai
520,raigad
520,uran
520,panvel
520,khalapur
520,pen
520,alibag
520,murud
520,roha
520,sudhagad
520,mangaon
520,tala
520,shrivardhan
520,mhasla
520,mahad
520,poladpur
521,pune
521,junnar
521,ambegaon
521,shirur
521,mawal
521,mulshi
521,pune city
521,daund
521,purandhar
521,velhe
521,bhor
521,baramati
521,indapur
522,ahmadnagar
522,sangamner
522,kopargaon
522,rahta
522,shrirampur
522,nevasa
522,shevgaon
522,pathardi
522,rahuri
522,parner
522,shrigonda
522,jamkhed
523,bid
523,patoda
523,shirur
523,kasar
523,georai
523,manjlegaon
523,wadwani
523,kaij
523,parli
523,ambejogai
524,latur
524,renapur
524,ahmadpur
524,jalkot
524,chakur
524,shirur anantpal
524,ausa
524,nilanga
524,deoni
524,udgir
525,osmanabad
525,paranda
525,bhum
525,washi
525,tuljapur
525,lohara
525,umarga
526,solapur
526,karmala
526,madha
526,barshi
526,solapur north
526,mohol
526,pandharpur
526,malshiras
526,sangole
526,mangalvedhe
526,solapur south
526,akkalkot
527,satara
527,mahabaleshwar
527,wai
527,khandala
527,phaltan
527,man
527,khatav
527,koregaon
527,jaoli
527,karad
528,ratnagiri
528,mandangad
528,dapoli
528,chiplun
528,guhagar
528,sangameshwar
528,lanja
528,rajapur
529,sindhudurg
529,devgad
529,vaibhavvadi
529,kankavli
529,malwan
529,vengurla
529,kudal
529,sawantwadi
529,dodamarg
530,kolhapur
530,shahuwadi
530,panhala
530,hatkanangle
530,shirol
530,karvir
530,bavda
530,radhanagari
530,kagal
530,bhudargad
530,ajra
530,gadhinglaj
530,chandgad
531,sangli
531,shirala
531,walwa
531,palus
531,kadegaon
531,khanapur
531,atpadi
531,tasgaon
531,miraj
531,kavathemahankal
531,jat
532,adilabad
532,tamsi
532,jainad
532,bela
532,talamadugu
532,gudihathnoor
532,inderavelly
532,narnoor
532,kerameri
532,wankdi
532,sirpur
532,kouthala
532,bejjur
532,kagaznagar
532,asifabad
532,jainoor
532,utnoor
532,ichoda
532,bazarhathnoor
532,boath
532,neradigonda
532,sirpur
532,rebbana
532,bhimini
532,dahegaon
532,vemanpalle
532,nennal
532,tiryani
532,jannaram
532,kaddam
532,peddur
532,kuntala
532,kubeer
532,bhainsa
532,tanoor
532,mudhole
532,lokeswaram
532,dilawarpur
532,nirmal
532,laxmanchanda
532,mamda
532,dandepalle
532,kasipet
532,bellampalle
532,kotapalle
532,mandamarri
532,luxettipet
532,mancherial
533,nizamabad
533,ranjal
533,navipet
533,nandipet
533,armur
533,balkonda
533,mortad
533,kammarpalle
533,bheemgal
533,velpur
533,jakranpalle
533,makloor
533,yedpalle
533,bodhan
533,kotgiri
533,madnoor
533,jukkal
533,bichkunda
533,birkoor
533,varni
533,dichpalle
533,dharpalle
533,sirkonda
533,machareddy
533,sadasivanagar
533,gandhari
533,banswada
533,pitlam
533,nizamsagar
533,yellareddy
533,nagareddipet
533,lingampet
533,tadwai
533,kamareddy
533,bhiknoor
533,domakonda
534,karimnagar
534,mallapur
534,raikal
534,velgatoor
534,ramagundam
534,kamanpur
534,manthani
534,kataram
534,mahadevpur
534,mutharam
534,mahadevpur
534,malharrao
534,mutharam
534,manthani
534,srirampur
534,peddapalle
534,julapalle
534,elgaid
534,dharmaram
534,gollapalle
534,mallial
534,jagtial
534,medipalle
534,koratla
534,metpalle
534,kathlapur
534,chandurthi
534,kodimial
534,pegadapalle
534,gangadhara
534,ramadugu
534,choppadandi
534,sultanabad
534,odela
534,manakondur
534,boinpalle
534,vemulawada
534,konaraopeta
534,yellareddipet
534,gambhiraopet
534,mustabad
534,sircilla
534,ellanthakunta
534,bejjanki
534,timmapur
534,lmd colony
534,veenavanka
534,jammikunta
534,shankarapatnam
534,chigurumamidi
534,koheda
534,husnabad
534,saidapur
534,huzurabad
534,kamalapur
534,bheemadevarpalle
534,elkathurthi
535,medak
535,kangti
535,manoor
535,narayankhed
535,kalher
535,shankarampet
535,papannapet
535,ramayampet
535,dubbak
535,siddipet
535,chinnakodur
535,nangnoor
535,kondapak
535,thoguta
535,mirdoddi
535,doultabad
535,chegunta
535,shankarampet
535,kulcharam
535,tekmal
535,alladurg
535,regode
535,raikode
535,nyalkal
535,zahirabad
535,kohir
535,jharasangam
535,munpalle
535,pulkal
535,andole
535,kowdipalle
535,yeldurthy
535,tupran
535,gajwel
535,jagdevpur
535,wargal
535,shivampet
535,narsapur
535,hathnoora
535,sadasivpet
535,kondapur
535,sangareddy
535,jinnaram
535,patancheru
536,hyderabad
536,shaikpet
536,ameerpet
536,secunderabad
536,tirumalagiri
536,maredpalle
536,musheerabad
536,amberpet
536,himayathnagar
536,nampally
536,khairatabad
536,asifnagar
536,golconda
536,bahadurpura
536,bandlaguda
536,charminar
536,saidabad
537,rangareddy
537,marpalle
537,mominpet
537,shankarpalle
537,serilingampally
537,qutubullapur
537,medchal
537,shamirpet
537,malkajgiri
537,keesara
537,ghatkesar
537,uppal
537,hayathnagar
537,saroornagar
537,rajendranagar
537,moinabad
537,chevella
537,vicarabad
537,bantwaram
537,peddemul
537,basheerabad
537,yelal
537,doma
537,gandeed
537,kulkacharla
537,pargi
537,pudur
537,shabad
537,maheswaram
537,yacharam
538,mahbubnagar
538,kodangal
538,bomraspet
538,kosgi
538,doulathabad
538,damaragidda
538,hanwada
538,kondurg
538,farooqnagar
538,kothur
538,keshampet
538,talakondapalle
538,amangal
538,madgul
538,veldanda
538,midjil
538,jadcherla
538,koilkonda
538,narayanpet
538,utkoor
538,dhanwada
538,devarkadra
538,bhoothpur
538,thimmajipet
538,kalwakurthy
538,vangoor
538,amrabad
538,achampet
538,uppununthala
538,telkapalle
538,tadoor
538,nagarkurnool
538,bijinapalle
538,ghanpur
538,addakal
538,chinnachintakunta
538,narva
538,makthal
538,maganoor
538,kothakota
538,peddamandadi
538,wanaparthy
538,gopalpeta
538,balmoor
538,lingal
538,peddakothapalle
538,kodair
538,pangal
538,pebbair
538,gadwal
538,maldakal
538,ghattu
538,ieej
538,itikyal
538,veepangandla
538,kollapur
538,waddepalle
538,manopad
538,alampur
539,nalgonda
539,bommalaramaram
539,m.turkapalle
539,rajapet
539,yadagirigutta
539,alair
539,thirumalgiri
539,thungathurthi
539,nuthankal
539,atmakur
539,jaji reddi gudem
539,sali gouraram
539,mothkur
539,atmakur
539,valigonda
539,bhongir
539,bibinagar
539,pochampalle
539,choutuppal
539,ramannapeta
539,chityala
539,narketpalle
539,kattangoor
539,nakrekal
539,kethe palle
539,suryapet
539,chivvemla
539,mothey
539,nadigudem
539,munagala
539,penpahad
539,vemulapalle
539,thipparthi
539,munugode
539,narayanapur
539,marriguda
539,chintha palle
539,gundla palle
539,chandam pet
539,devarakonda
539,nampalle
539,chandur
539,kangal
539,gurrampode
539,pedda adiserla palle
539,peddavoora
539,anumula
539,nidamanur
539,thripuraram
539,dameracherla
539,miryalaguda
539,neredcherla
539,garide palle
539,chilkur
539,kodad
539,huzurnagar
539,mattam palle
539,mella cheruvu
540,warangal
540,cherial
540,bachannapet
540,narmetta
540,ghanpur
540,dharmasagar
540,hasanparthy
540,parkal
540,mogullapalle
540,chityal
540,bhupalpalle
540,ghanpur
540,mulug
540,venkatapur
540,eturnagaram
540,mangapet
540,tadvai
540,govindaraopet
540,regonda
540,shayampet
540,nallabelly
540,duggondi
540,hanamkonda
540,zaffergadh
540,palakurthi
540,raghunathpalle
540,jangaon
540,lingalaghanpur
540,devaruppula
540,kodakandla
540,raiparthy
540,wardhannapet
540,geesugonda
540,narsampet
540,chennaraopet
540,nekkonda
540,parvathagiri
540,thorrur
540,nellikudur
540,kesamudram
540,mahabubabad
540,narsimhulapet
540,maripeda
540,kuravi
540,dornakal
541,khammam
541,wazeed
541,venkatapuram
541,pinapaka
541,cherla
541,manuguru
541,aswapuram
541,dummugudem
541,bhadrachalam
541,kunavaram
541,chintur
541,vararamachandrapuram
541,velairpadu
541,kukunoor
541,burgampahad
541,palwancha
541,tekulapalle
541,yellandu
541,bayyaram
541,garla
541,singareni
541,kamepalle
541,julurpad
541,chandrugonda
541,mulkalapalle
541,aswaraopeta
541,dammapeta
541,sathupalle
541,penuballi
541,enkuru
541,thirumalayapalem
541,kusumanchi
541,khammam
541,mudigonda
541,nelakondapalle
541,chinthakani
541,konijerla
541,tallada
541,wyra
541,bonakal
541,madhira
541,yerrupalem
541,vemsoor
542,srikakulam
542,veeraghattam
542,seethampeta
542,bhamini
542,kothuru
542,pathapatnam
542,meliaputti
542,palasa
542,mandasa
542,kanchili
542,ichchapuram
542,kaviti
542,sompeta
542,vajrapukothuru
542,nandigam
542,hiramandalam
542,palakonda
542,vangara
542,regidi amadalavalasa
542,lakshminarsupeta
542,saravakota
542,tekkali
542,santhabommali
542,kotabommali
542,jalumuru
542,sarubujjili
542,burja
542,santhakaviti
542,rajam
542,ganguvarisigadam
542,amadalavalasa
542,narasannapeta
542,polaki
542,gara
542,ponduru
542,laveru
542,ranastalam
542,etcherla
543,vizianagaram
543,komarada
543,gummalakshmipuram
543,kurupam
543,jiyyammavalasa
543,garugubilli
543,parvathipuram
543,makkuva
543,balijipeta
543,bobbili
543,salur
543,pachipenta
543,ramabhadrapuram
543,badangi
543,therlam
543,merakamudidam
543,dattirajeru
543,mentada
543,gajapathinagaram
543,garividi
543,cheepurupalle
543,gurla
543,bondapalle
543,gantyada
543,srungavarapukota
543,vepada
543,lakkavarapukota
543,kothavalasa
543,jami
543,nellimarla
543,pusapatirega
543,denkada
543,bhogapuram
544,visakhapatnam
544,munchingi puttu
544,peda bayalu
544,dumbriguda
544,araku valley
544,ananthagiri
544,hukumpeta
544,paderu
544,g.madugula
544,chintapalle
544,gudem kotha veedhi
544,koyyuru
544,nathavaram
544,golugonda
544,narsipatnam
544,rolugunta
544,ravikamatham
544,madugula
544,cheedikada
544,k.kotapadu
544,sabbavaram
544,pendurthi
544,anandapuram
544,padmanabham
544,bheemunipatnam
544,visakhapatnam
544,pedagantyada
544,gajuwaka
544,paravada
544,anakapalle
544,chodavaram
544,butchayyapeta
544,kotauratla
544,makavarapalem
544,kasimkota
544,munagapaka
544,atchutapuram
544,nakkapalle
544,payakaraopeta
544,s.rayavaram
544,rambilli
545,east godavari
545,maredumilli
545,devipatnam
545,y. ramavaram
545,addateegala
545,rajavommangi
545,kotananduru
545,tuni
545,rowthulapudi
545,sankhavaram
545,yeleswaram
545,rampachodavaram
545,gokavaram
545,jaggampeta
545,kirlampudi
545,thondangi
545,gollaprolu
545,peddapuram
545,gandepalle
545,korukonda
545,rajahmundry
545,rajanagaram
545,rangampeta
545,samalkota
545,pithapuram
545,kakinada
545,pedapudi
545,biccavolu
545,anaparthy
545,kadiam
545,atreyapuram
545,mandapeta
545,rayavaram
545,karapa
545,kajuluru
545,alamuru
545,ravulapalem
545,kothapeta
545,kapileswarapuram
545,thallarevu
545,i. polavaram
545,mummidivaram
545,ainavilli
545,p.gannavaram
545,ambajipeta
545,mamidikuduru
545,razole
545,malikipuram
545,sakhinetipalle
545,allavaram
545,amalapuram
545,uppalaguptam
545,katrenikona
546,west godavari
546,chintalapudi
546,lingapalem
546,t.narasapuram
546,jeelugu milli
546,buttayagudem
546,polavaram
546,tallapudi
546,gopalapuram
546,koyyalagudem
546,jangareddigudem
546,kamavarapukota
546,dwarakatirumala
546,nallajerla
546,kovvur
546,chagallu
546,nidadavole
546,tadepalligudem
546,bhimadole
546,pedavegi
546,pedapadu
546,eluru
546,denduluru
546,nidamarru
546,pentapadu
546,undrajavaram
546,peravali
546,tanuku
546,attili
546,ganapavaram
546,akividu
546,undi
546,palacoderu
546,penumantra
546,iragavaram
546,penugonda
546,achanta
546,poduru
546,veeravasaram
546,bhimavaram
546,kalla
546,mogalthur
546,narasapuram
546,palacole
547,krishna
547,vatsavai
547,jaggayyapeta
547,penuganchiprolu
547,nandigama
547,veerullapadu
547,gampalagudem
547,tiruvuru
547,a.konduru
547,reddigudem
547,vissannapet
547,chatrai
547,musunuru
547,nuzvid
547,bapulapadu
547,agiripalle
547,g.konduru
547,kanchikacherla
547,chandarlapadu
547,vijayawada
547,gannavaram
547,nandivada
547,mandavalli
547,kaikalur
547,kalidindi
547,kruthivennu
547,bantumilli
547,mudinepalle
547,gudivada
547,pedaparupudi
547,kankipadu
547,penamaluru
547,thotlavalluru
547,pamidimukkala
547,vuyyuru
547,gudlavalleru
547,pedana
547,guduru
547,movva
547,ghantasala
547,machilipatnam
547,challapalle
547,mopidevi
547,avanigadda
547,nagayalanka
547,koduru
548,guntur
548,macherla
548,durgi
548,rentachintala
548,gurazala
548,dachepalle
548,karempudi
548,piduguralla
548,machavaram
548,bellamkonda
548,atchampet
548,krosuru
548,amaravathi
548,thullur
548,tadepalle
548,mangalagiri
548,tadikonda
548,pedakurapadu
548,sattenapalle
548,nekarikallu
548,bollapalle
548,vinukonda
548,nuzendla
548,savalyapuram h/o kanamarlapudi
548,ipur
548,narasaraopet
548,muppalla
548,nadendla
548,chilakaluripet h/o purushotha patnam
548,edlapadu
548,phirangipuram
548,medikonduru
548,pedakakani
548,duggirala
548,kollipara
548,tenali
548,chebrolu
548,vatticherukuru
548,pedanandipadu
548,kakumanu
548,ponnur
548,tsundur
548,amruthalur
548,vemuru
548,kollur
548,bhattiprolu
548,cherukupalle h/o arumbaka
548,pittalavanipalem
548,karlapalem
548,bapatla
548,nizampatnam
548,nagaram
548,repalle
549,prakasam
549,yerragondapalem
549,pullalacheruvu
549,tripuranthakam
549,dornala
549,peda araveedu
549,donakonda
549,kurichedu
549,santhamaguluru
549,ballikurava
549,martur
549,yeddana pudi
549,parchur
549,karamchedu
549,inkollu
549,janakavarampanguluru
549,addanki
549,mundlamuru
549,darsi
549,markapur
549,ardhaveedu
549,cumbum
549,tarlupadu
549,konakanamitla
549,podili
549,thallur
549,korisapadu
549,chirala
549,vetapalem
549,chinaganjam
549,naguluppala padu
549,maddipadu
549,chimakurthi
549,marripudi
549,hanumanthuni padu
549,bestawaripeta
549,racherla
549,giddalur
549,komarolu
549,veligandla
549,kanigiri
549,kondapi
549,santhanuthala padu
549,ongole
549,kotha patnam
549,tangutur
549,zarugumilli
549,ponnaluru
549,pedacherlo palle
549,chandra sekhara puram
549,pamur
549,voletivaripalem
549,singarayakonda
549,lingasamudram
549,gudluru
549,ulavapadu
550,sri potti sriramulu nellore
550,seetharamapuram
550,udayagiri
550,varikuntapadu
550,jaladanki
550,kavali
550,bogole
550,kaligiri
550,vinjamur
550,duttalur
550,marripadu
550,anumasamudrampeta
550,dagadarthi
550,allur
550,vidavalur
550,kodavalur
550,buchireddipalem
550,chejerla
550,ananthasagaram
550,kaluvoya
550,rapur
550,podalakur
550,nellore
550,kovur
550,indukurpet
550,thotapalligudur
550,muthukur
550,venkatachalam
550,manubolu
550,sydapuram
550,dakkili
550,venkatagiri
550,balayapalle
550,ojili
550,chillakur
550,vakadu
550,chittamur
550,naidupet
550,pellakur
550,doravarisatram
550,sullurpeta
550,tada
551,y.s.r.
551,peddamudium
551,duvvur
551,s.mydukur
551,brahmamgarimattam
551,sri avadhutha kasinayana
551,kalasapadu
551,porumamilla
551,b.kodur
551,badvel
551,gopavaram
551,khajipet
551,chapad
551,proddatur
551,jammalamadugu
551,muddanur
551,simhadripuram
551,lingala
551,pulivendla
551,vemula
551,thondur
551,veerapunayunipalle
551,yerraguntla
551,kamalapuram
551,vallur
551,atlur
551,vontimitta
551,sidhout
551,kadapa
551,chinthakommadinne
551,pendlimarri
551,vempalle
551,chakrayapet
551,galiveedu
551,chinnamandem
551,sambepalle
551,t sundupalle
551,rayachoti
551,lakkireddipalle
551,ramapuram
551,veeraballe
551,nandalur
551,penagalur
551,chitvel
551,rajampet
551,pullampeta
551,obulavaripalle
551,kodur
552,kurnool
552,mantralayam
552,kosigi
552,kowthalam
552,pedda kadubur
552,yemmiganur
552,nandavaram
552,c.belagal
552,nandikotkur
552,pagidyala
552,jupadu bungalow
552,srisailam
552,pamulapadu
552,midthur
552,orvakal
552,kodumur
552,gonegandla
552,adoni
552,holagunda
552,halaharvi
552,alur
552,aspari
552,devanakonda
552,bethamcherla
552,panyam
552,gadivemula
552,velgode
552,bandi atmakur
552,nandyal
552,mahanandi
552,sirvel
552,gospadu
552,banaganapalle
552,dhone
552,pattikonda
552,chippagiri
552,maddikera
552,tuggali
552,peapally
552,owk
552,koilkuntla
552,rudravaram
552,allagadda
552,dornipadu
552,sanjamala
552,kolimigundla
552,uyyalawada
552,chagalamarri
553,anantapur
553,d.hirehal
553,rayadurg
553,kanekal
553,bommanahal
553,vidapanakal
553,guntakal
553,gooty
553,peddavadugur
553,yadiki
553,tadpatri
553,peddapappur
553,pamidi
553,vajrakarur
553,uravakonda
553,beluguppa
553,gummagatta
553,brahmasamudram
553,kalyandurg
553,kudair
553,garladinne
553,singanamala
553,putlur
553,yellanur
553,narpala
553,bukkaraya samudram
553,raptadu
553,settur
553,kundurpi
553,kambadur
553,kanaganapalle
553,dharmavaram
553,bathalapalle
553,tadimarri
553,mudigubba
553,talupula
553,nambulipulikunta
553,gandlapenta
553,kadiri
553,nallamada
553,bukkapatnam
553,kothacheruvu
553,chennekothapalle
553,roddam
553,madakasira
553,amarapuram
553,gudibanda
553,rolla
553,agali
553,parigi
553,penukonda
553,puttaparthi
553,obuladevaracheruvu
553,nallacheruvu
553,tanakal
553,amadagur
553,gorantla
553,somandepalle
553,hindupur
553,lepakshi
553,chilamathur
554,chittoor
554,mulakalacheruvu
554,thamballapalle
554,peddamandyam
554,gurramkonda
554,kalakada
554,kambhamvaripalle
554,yerravaripalem
554,tirupati
554,renigunta
554,yerpedu
554,srikalahasti
554,thottambedu
554,buchinaidu kandriga
554,varadaiahpalem
554,k.v.b.puram
554,tirupati
554,chandragiri
554,chinnagottigallu
554,pileru
554,kalikiri
554,valmikipuram
554,kurabalakota
554,pedda thippasamudram
554,b.kothakota
554,madanapalle
554,nimmanapalle
554,sodam
554,pulicherla
554,pakala
554,vedurukuppam
554,vadamalapeta
554,narayanavanam
554,pichatur
554,satyavedu
554,nagalapuram
554,nindra
554,vijayapuram
554,nagari
554,karvetinagar
554,penumuru
554,puthalapattu
554,irala
554,somala
554,chowdepalle
554,ramasamudram
554,punganur
554,peddapanjani
554,thavanampalle
554,srirangarajapuram
554,gangadhara nellore
554,palamaner
554,baireddipalle
554,venkatagirikota
554,santhipuram
554,gudupalle
554,kuppam
554,ramakuppam
554,bangarupalem
554,yadamarri
554,gudipala
554,palasamudram
555,belgaum
555,chikodi
555,athni
555,raybag
555,gokak
555,hukeri
555,sampgaon
555,parasgad
555,ramdurg
556,bagalkot
556,jamkhandi
556,bilgi
556,mudhol
556,badami
556,bagalkot
556,hungund
557,vijayapur
557,indi
557,sindgi
557,basavana bagevadi
557,muddebihal
558,bidar
558,basavakalyan
558,bhalki
558,aurad
558,bidar
558,homnabad
559,raichur
559,lingsugur
559,devadurga
559,raichur
559,manvi
559,sindhnur
560,koppal
560,yelbarga
560,kushtagi
560,gangawati
560,koppal
561,gadag
561,nargund
561,ron
561,shirhatti
561,mundargi
562,dharwad
562,navalgund
562,hubli
562,kalghatgi
562,kundgol
563,uttara kannada
563,karwar
563,supa
563,haliyal
563,yellapur
563,mundgod
563,sirsi
563,ankola
563,kumta
563,siddapur
563,honavar
563,bhatkal
564,haveri
564,shiggaon
564,savanur
564,hangal
564,haveri
564,byadgi
564,hirekerur
564,ranibennur
565,bellary
565,hadagalli
565,hagaribommanahalli
565,hospet
565,siruguppa
565,bellary
565,sandur
565,kudligi
566,chitradurga
566,molakalmuru
566,challakere
566,chitradurga
566,holalkere
566,hosdurga
566,hiriyur
567,davanagere
567,harihar
567,harapanahalli
567,jagalur
567,davanagere
567,honnali
567,channagiri
568,shimoga
568,sagar
568,sorab
568,hosanagara
568,tirthahalli
568,shimoga
568,bhadravati
569,udupi
569,kundapura
569,karkal
570,chikmagalur
570,sringeri
570,koppa
570,narasimharajapura
570,tarikere
570,kadur
570,chikmagalur
570,mudigere
571,tumkur
571,chiknayakanhalli
571,sira
571,pavagada
571,madhugiri
571,koratagere
571,tumkur
571,gubbi
571,tiptur
571,turuvekere
571,kunigal
572,bangalore
572,bangalore north
572,bangalore south
572,bangalore east
572,anekal
573,mandya
573,krishnarajpet
573,nagamangala
573,pandavapura
573,shrirangapattana
573,mandya
573,maddur
573,malavalli
574,hassan
574,sakleshpur
574,belur
574,arsikere
574,hassan
574,alur
574,arkalgud
574,hole narsipur
574,channarayapatna
575,dakshina kannada
575,mangalore
575,bantval
575,beltangadi
575,sulya
576,kodagu
576,madikeri
576,somvarpet
576,virajpet
577,mysore
577,piriyapatna
577,hunsur
577,krishnarajanagara
577,mysore
577,heggadadevankote
577,nanjangud
577,tirumakudal narsipur
578,chamarajanagar
578,gundlupet
578,chamarajanagar
578,yelandur
578,kollegal
579,gulbarga
579,aland
579,afzalpur
579,gulbarga
579,chincholi
579,sedam
579,chitapur
579,jevargi
580,yadgir
580,shorapur
580,yadgir
581,kolar
581,srinivaspur
581,kolar
581,malur
581,bangarapet
581,mulbagal
582,chikkaballapura
582,gauribidanur
582,gudibanda
582,bagepalli
582,sidlaghatta
582,chintamani
583,bangalore rural
583,nelamangala
583,dod ballapur
583,devanahalli
583,hosakote
584,ramanagara
584,magadi
584,channapatna
584,kanakapura
585,north goa
585,pernem
585,bardez
585,tiswadi
585,bicholim
585,satari
585,ponda
586,south goa
586,mormugao
586,salcete
586,quepem
586,sanguem
586,canacona
587,lakshadweep
587,amini
587,bitra
587,chetlat
587,kiltan
587,kadmat
587,kavaratti
587,agatti
587,andrott
587,kalpeni
587,minicoy
588,kasaragod
588,hosdurg
589,kannur
589,taliparamba
589,thalassery
590,wayanad
590,mananthavady
590,sulthanbathery
590,vythiri
591,kozhikode
591,vadakara
591,quilandy
592,malappuram
592,ernad
592,nilambur
592,perinthalmanna
592,tirur
592,tirurangadi
592,ponnani
593,palakkad
593,ottappalam
593,mannarkad
593,chittur
593,alathur
594,thrissur
594,talappilly
594,chavakkad
594,kodungallur
594,mukundapuram
595,ernakulam
595,kunnathunad
595,aluva
595,paravur
595,kochi
595,kanayannur
595,muvattupuzha
595,kothamangalam
596,idukki
596,devikulam
596,udumbanchola
596,thodupuzha
596,peerumade
597,kottayam
597,meenachil
597,vaikom
597,changanassery
597,kanjirappally
598,alappuzha
598,cherthala
598,ambalappuzha
598,kuttanad
598,karthikappally
598,chengannur
598,mavelikkara
599,pathanamthitta
599,thiruvalla
599,mallappally
599,ranni
599,kozhenchery
599,adoor
600,kollam
600,karunagappally
600,kunnathur
600,pathanapuram
600,kottarakkara
601,thiruvananthapuram
601,chirayinkeezhu
601,nedumangad
601,neyyattinkara
602,thiruvallur
602,gummidipoondi
602,ponneri
602,uthukkottai
602,tiruttani
602,pallipattu
602,poonamallee
602,ambattur
602,mathavaram
603,chennai
604,kancheepuram
604,sriperumbudur
604,tambaram
604,alandur
604,sholinganallur
604,chengalpattu
604,uthiramerur
604,tirukalukundram
604,maduranthakam
604,cheyyur
605,vellore
605,gudiyatham
605,katpadi
605,wallajah
605,arakonam
605,arcot
605,vaniyambadi
605,ambur
606,tiruvannamalai
606,arani
606,cheyyar
606,vandavasi
606,polur
606,chengam
606,thandrampet
607,viluppuram
607,gingee
607,tindivanam
607,vanur
607,tirukkoyilur
607,sankarapuram
607,kallakkurichi
607,ulundurpettai
608,salem
608,mettur
608,omalur
608,edappadi
608,sankari
608,yercaud
608,vazhapadi
608,gangavalli
609,namakkal
609,tiruchengode
609,rasipuram
609,namakkal
609,paramathi velur
610,erode
610,sathyamangalam
610,bhavani
610,gobichettipalayam
610,perundurai
611,the nilgiris
611,panthalur
611,gudalur
611,udhagamandalam
611,kotagiri
611,coonoor
611,kundah
612,dindigul
612,palani
612,oddanchatram
612,vedasandur
612,natham
612,kodaikanal
612,nilakkottai
613,karur
613,aravakurichi
613,karur
613,krishnarayapuram
613,kulithalai
613,kadavur
614,tiruchirappalli
614,thottiyam
614,musiri
614,thuraiyur
614,manachanallur
614,lalgudi
614,srirangam
614,thiruverumbur
614,manapparai
615,perambalur
615,veppanthattai
615,perambalur
615,kunnam
616,ariyalur
616,sendurai
616,udayarpalayam
616,ariyalur
617,cuddalore
617,panruti
617,kurinjipadi
617,chidambaram
617,kattumannarkoil
617,virudhachalam
617,tittakudi
618,nagapattinam
618,sirkali
618,mayiladuthurai
618,kuthalam
618,tharangambadi
618,nagapattinam
618,kilvelur
618,thirukkuvalai
618,vedaranyam
619,thiruvarur
619,valangaiman
619,kodavasal
619,nannilam
619,needamangalam
619,mannargudi
619,thiruthuraipoondi
620,thanjavur
620,thiruvidaimarudur
620,kumbakonam
620,papanasam
620,thiruvaiyaru
620,orathanadu
620,pattukkottai
620,peravurani
621,pudukkottai
621,iluppur
621,kulathur
621,gandarvakkottai
621,thirumayam
621,ponnamaravathi
621,alangudi
621,karambakudi
621,aranthangi
621,manamelkudi
621,avudayarkoil
622,sivaganga
622,karaikkudi
622,devakottai
622,manamadurai
622,ilayangudi
623,madurai
623,melur
623,madurai north
623,vadipatti
623,usilampatti
623,peraiyur
623,thirumangalam
623,madurai south
624,theni
624,bodinayakanur
624,periyakulam
624,theni
624,uthamapalayam
624,andipatti
625,virudhunagar
625,rajapalayam
625,srivilliputhur
625,sivakasi
625,kariapatti
625,tiruchuli
625,aruppukkottai
625,sattur
626,ramanathapuram
626,tiruvadanai
626,paramakudi
626,mudukulathur
626,kamuthi
626,kadaladi
626,rameswaram
627,thoothukkudi
627,kovilpatti
627,ettayapuram
627,vilathikulam
627,ottapidaram
627,srivaikuntam
627,tiruchendur
627,sathankulam
628,tirunelveli
628,sivagiri
628,sankarankoil
628,veerakeralamputhur
628,tenkasi
628,shenkottai
628,alangulam
628,tirunelveli
628,palayamkottai
628,ambasamudram
628,nanguneri
628,radhapuram
629,kanniyakumari
629,vilavancode
629,kalkulam
629,thovala
629,agastheeswaram
630,dharmapuri
630,palakkodu
630,harur
630,pappireddipatti
630,pennagaram
631,krishnagiri
631,hosur
631,denkanikottai
631,pochampalli
631,uthangarai
632,coimbatore
632,mettupalayam
632,sulur
632,coimbatore north
632,coimbatore south
632,pollachi
632,valparai
633,tiruppur
633,kangeyam
633,dharapuram
633,avanashi
633,palladam
633,udumalaipettai
633,madathukulam
634,yanam
634,yanam taluk
635,puducherry
635,puducherry taluk
635,ozhukarai taluk
635,villianur taluk
635,bahour taluk
636,mahe
636,mahe taluk
637,karaikal
637,karaikal taluk
637,thirunallar taluk
638,nicobars
638,car nicobar
638,nancowry
638,great nicobar
639,north and middle andaman
639,north & middle andaman
639,diglipur
639,mayabunder
639,rangat
640,south andaman
640,ferrargunj
640,port blair
640,little andaman
