District Id,Location Name
1,handwara
1,handwara town
1,karnah
1,kupwara
2,badgam
2,beerwah
2,budgam
2,chadoora
2,charar e shrief
2,khag
2,khansahib
3,khalsi
3,ladakh
3,leh
3,leh
3,leh town
3,nubra
4,kargil
4,sanku
4,zanskar
5,chitral
5,haveli
5,mendhar
5,punch
5,surankote
5,pench
6,budhal
6,darhal
6,kalakote
6,keri
6,nowshehra
6,rajauri
6,rajouri
6,sunderbani
6,thanamandi
6,nowshera
7,bani
7,bashohli
7,billawar
7,hiranagar
7,kathua
8,baramula
8,baramulla
8,boniyar
8,kreeri
8,pattan
8,rafiabad
8,sopore
8,tangmarg
8,uri
8,baramullah
8,pattani
9,bandipora
9,bandipore
9,gurez
9,sonawari
10,srinagar
10,srinagar city
11,ganderbal
11,kangan
11,lar
11,kanhan
12,awantipora
12,pampore
12,pulwama
12,tral
12,awantipura
13,shopian
13,shupiyan
14,anantnag
14,bijbehara
14,dooru
14,kokernag
14,pahalgam
14,shangus
14,anatnag
14,kukernag
15,damhal hanjipora
15,devsar
15,kulgam
16,bhaderwah
16,doda
16,kashmirs doda
16,gandoh
16,thathri
17,banihal
17,ramban
17,pamban
18,atholi
18,chhatroo
18,kishtwar
18,marwah
18,paddar
18,garwah
18,marjah
18,marwar
19,chenani
19,majalta
19,talwara
19,udhampur
19,halwara
20,gool gulabgarh
20,reasi
21,akhnoor
21,bishnah
21,jammu
21,jammu city
21,nagrota
21,ranbir singh pora
22,samba
23,bhalai
23,bhattiyat
23,brahmaur
23,chamba
23,chaurah
23,dalhousie
23,holi
23,pangi
23,saluni
23,sihunta
23,chambal
24,baijnath
24,baroh
24,dera gopipur
24,dharmsala
24,dhira
24,harchakian
24,indora
24,jaisinghpur
24,jaswan
24,jawalamukhi
24,jawali
24,kangra
24,khundian
24,multhan
24,nagrota bagwan
24,nurpur
24,palampur
24,rakkar
24,thural
24,aswan
24,deira
24,jaisinghpura
25,lahul
25,lahul & spiti
25,lahul and spiti
25,spiti
25,lahaul
26,ani
26,banjar
26,kullu
26,malana
26,manali
26,manali town
26,nermand
26,sainj
27,aut
27,baldwara
27,bali chowki
27,bhadrota
27,chachyot
27,dharmpur
27,jogindarnagar
27,karsog
27,kotli
27,lad bharol
27,mandi
27,nihri
27,padhar
27,sandhol
27,sarkaghat
27,sundarnagar
27,thunag
28,barsar
28,bhoranj
28,dhatwal
28,galore
28,hamirpur
28,nadaun
28,tira sujanpur
29,amb
29,bangana
29,bharwain
29,haroli
29,una
30,bharari
30,bilaspur sadar
30,ghumarwin
30,jhanduta
30,naina devi
30,namhol
31,arki
31,baddi
31,darlaghat
31,kandaghat
31,kasauli
31,krishangarh
31,nalagarh
31,ramshahr
31,solan
32,dadahu
32,kamrau
32,nahan
32,nohra
32,pachhad
32,paonta sahib
32,renuka
32,ronhat
32,shalai
32,sirmaur
32,naha
33,chaupal
33,cheta
33,chirgaon
33,dodra kwar
33,jubbal
33,junga
33,kotkhai
33,kufri
33,kumharsain
33,nankhari
33,nerua
33,rohru
33,shimla
33,shimla
33,theog
33,tikar
33,creta
34,hangrang
34,kalpa
34,kinnaur
34,morang
34,nichar
34,poo
34,sangla
35,batala
35,dera baba nanak
35,dhar kalan
35,gurdaspur
35,gurdaspur
35,pathankot
35,gurudaspur
36,begowal
36,bhulath
36,kapurthala
36,phagwara
36,sultanpur lodhi
37,goraya
37,jalandhar
37,jalandhar
37,jalandhar
37,jalandhar city
37,kartarpur
37,nakodar
37,phillaur
37,shahkot
37,jalandar
37,jallandhar
38,dasua
38,garhshankar
38,hoshiarpur
38,hoshiarpur
38,mukerian
38,dasna
38,dasuya
39,balachaur
39,nawanshahr
39,shahid bhagat singh nagar
39,nawanshahar
39,nawashahr
40,amloh
40,bassi pathana
40,fatehgarh sahib
40,gobindgarh
40,khamanon
40,fategarh sahib
40,fatehgarh sahab
41,jagraon
41,khanna
41,ludhiana
41,ludhiana
41,ludhiana city
41,pau
41,payal
41,raikot
41,samrala
41,paal
42,bagha purana
42,dharamkot
42,moga
42,moga city
42,nihal singhwala
43,abohar
43,fazilka
43,ferozepur
43,ferozepur city
43,firozpur
43,jalalabad
43,zira
43,ferozpur
43,firozepur
44,gidderbaha
44,malout
44,muktsar
44,mukatsar
45,faridkot
45,jaitu
46,bathinda
46,gumti
46,rampura phul
46,talwandi sabo
46,gomti
47,budhlada
47,mansa
47,sardulgarh
48,bahawalpur
48,nabha
48,patiala
48,patiala city
48,patran
48,rajpura
48,samana
48,shekhpura
48,abha
48,bhawalpur
49,ajnala
49,amritsar
49,amritsar
49,amritsar
49,amritsar city
49,baba bakala
50,khadur sahib
50,patti
50,tarn taran
51,anandpur sahib
51,chamkaur sahib
51,kurali
51,nangal
51,ropar
51,rup nagar
51,rupnagar
52,dera bassi
52,kharar
52,kharar city
52,mohali
52,mohali city
52,sahibzada ajit singh nagar
52,sas nagar
52,derabassi
53,dhuri
53,lehra
53,malerkotla
53,moonak
53,sangrur
53,sunam
54,barnala
54,tapa
55,chandigarh
55,chandigarh city
56,bhatwari
56,chiniyalisaur
56,dunda
56,mori
56,puraula
56,rajgarhi
56,uttarkashi
57,chamoli
57,gairsain
57,joshimath
57,karnaprayag
57,pokhari
57,tharali
58,jakholi
58,rudraprayag
58,rudraprayag
58,ukhimath
59,devprayag
59,dhanaulti
59,ghansali
59,jakhani dhar
59,narendra nagar
59,pratapnagar
59,tehri
59,tehri garhwal
59,ghansoli
59,pratap nagar
60,chakrata
60,dehradun
60,dehradun
60,kalsi
60,rishikesh
60,tyuni
60,vikas nagar
60,dehra dun
60,hrishikesh
61,chaubatta khal
61,dhoomakot
61,garhwal
61,kotdwara
61,lansdowne
61,pauri
61,satpuli
61,thailisain
61,yamkeshwar
61,kotdwar
62,berinag
62,dharchula
62,didihat
62,gangolihat
62,munsiari
62,pithoragarh
62,pithoragarh
63,bageshwar
63,bageshwar
63,garud
63,kanda
63,kapkot
63,kunar
64,almora
64,bhanoli
64,bhikiasain
64,chaukhutiya
64,dwarahat
64,jainti
64,ranikhet
64,someshwar
64,sult
65,champawat
65,lohaghat
65,poornagiri
66,betalghat
66,haldwani
66,kaladhungi
66,kosya kutauli
66,lalkuan
66,nainital
66,lal kuan
67,bajpur
67,gadarpur
67,jaspur
67,khatima
67,kichha
67,sitarganj
67,udham singh nagar
68,hardwar
68,laksar
68,roorkee
69,kalka
69,panchkula
69,panchkula city
70,ambala
70,ambala city
70,barara
70,naraingarh
71,chhachhrauli
71,jagadhri
71,yamunanagar
71,yamunanagar city
71,jagadhari
72,kurukshetra
72,pehowa
72,shahbad
72,thanesar
73,fatehpur pundri
73,guhla
73,kaithal
74,assandh
74,gharaunda
74,indri
74,karnal
74,karnal city
74,nilokheri
75,israna
75,panipat
75,panipat city
75,samalkha
76,ganaur
76,gohana
76,kharkhoda
76,sonipat
77,jind
77,julana
77,narwana
77,safidon
78,fatehabad
78,ratia
78,tohana
79,dabwali
79,ellenabad
79,sirsa
79,sirsa city
80,adampur
80,hansi
80,hisar
80,narnaund
80,hissar
81,badhra
81,bawani khera
81,bhiwani
81,loharu
81,siwani
81,tosham
81,bhiwadi
82,maham
82,rohtak
82,sampla
82,meham
83,bahadurgarh
83,beri
83,jhajjar
83,matenhail
83,jhajjhar
84,mahendragarh
84,narnaul
84,barnaul
85,bawal
85,kosli
85,rewari
85,kosi
86,farrukhnagar
86,gurgaon
86,gurgaon city
86,gurugram
86,manesar
86,pataudi
86,sohna
86,maneswar
87,ferozepur jhirka
87,mewat
87,nuh
87,punahana
87,taoru
87,mewar
88,ballabgarh
88,faridabad
88,surajkund
88,ballabhgarh
89,hathin
89,hodal
89,palwal
89,palwal
89,hodan
90,model town
90,narela
90,north west
90,rohini
90,saraswati vihar
90,north-west
91,burari
91,civil lines
91,kotwali
91,mehrauli
91,north
91,north town
91,sadar bazar
92,azadpur
92,north east delhi
92,seelam pur
92,seema puri
92,shahdara
93,east delhi
93,gandhi nagar
93,laxmi nagar
93,preet vihar
93,vivek vihar
94,adarsh nagar
94,chanakya puri
94,chattarpur
94,connaught place
94,dehli
94,delhi
94,delhi city
94,khirki
94,new delhi
94,parliament street
94,suraj
94,chanakyapuri
94,chatarpur
94,chhattarpur
94,new-delhi
95,central
95,central town
95,darya ganj
95,karol bagh
95,pahar ganj
95,paharganj
95,daryaganj
96,patel nagar
96,punjabi bagh
96,rajouri garden
96,tilak nagar
96,west
97,delhi cantonment
97,najafgarh
97,south west
97,vasant vihar
98,defence colony
98,hauz khas
98,kalkaji
98,saket
98,saket city
98,south
99,anupgarh
99,ganganagar
99,ganganagar
99,gharsana
99,karanpur
99,padampur
99,raisinghnagar
99,sadulshahar
99,suratgarh
99,vijainagar
99,gangasagar
100,bhadra
100,hanumangarh
100,nohar
100,pilibanga
100,rawatsar
100,sangaria
100,tibi
101,bikaner
101,chhatargarh
101,khajuwala
101,kolayat
101,lunkaransar
101,poogal
101,sridungargarh
102,churu
102,ratangarh
102,sardarshahar
102,sujangarh
102,taranagar
102,churk
103,buhana
103,chirawa
103,jhunjhunun
103,khetri
103,mandawa
103,nawalgarh
103,pilani
103,sari
103,udaipurwati
103,mandwa
104,alwar
104,bansur
104,behror
104,kathumar
104,kishangarh bas
104,kotkasim
104,mandawar
104,thanagazi
104,tijara
105,bayana
105,bharatpur
105,deeg
105,kaman
105,kumher
105,nadbai
105,nagar
105,pahari
105,rupbas
105,weir
105,naggar
105,naguar
106,bari
106,baseri
106,dhaulpur
106,dholpur
106,rajakhera
106,sepau
107,hindaun
107,hindaun city
107,karauli
107,mandrail
107,nadoti
107,sapotra
107,todabhim
107,karouli
108,bamanwas
108,bonli
108,chauth ka barwara
108,khandar
108,malarna doongar
108,sawai madhopur
109,baswa
109,dausa
109,lalsot
109,mahwa
109,sikrai
110,amber
110,bagru
110,bassi
110,chaksu
110,chomu
110,jaipur
110,jaipur city
110,jamwa ramgarh
110,kotputli
110,mauzamabad
110,phagi
110,phulera
110,rambagh
110,sanganer
110,viratnagar
110,amer
110,biratnagar
111,danta ramgarh
111,neem ka thana
111,sikar
111,sri madhopur
112,degana
112,didwana
112,jayal
112,kheenvsar
112,ladnu
112,makrana
112,merta
112,merta city
112,nagaur
112,nawa
112,parbatsar
112,ladnun
113,bhopalgarh
113,bilara
113,jodhpur
113,jodhpur city
113,luni
113,osian
113,phalodi
113,shergarh
114,fatehgarh
114,jaisalmer
114,pokaran
114,pokhran
115,barmer
115,baytoo
115,chohtan
115,gudha malani
115,pachpadra
115,ramsar
115,sheo
115,siwana
116,ahore
116,bagora
116,bhinmal
116,jalor
116,raniwara
116,sanchore
116,jhalor
117,abu road
117,pindwara
117,reodar
117,sheoganj
117,sirohi
118,bali
118,desuri
118,jaitaran
118,marwar junction
118,pali
118,rani
118,rohat
118,sojat
118,sojat city
118,sumerpur
118,kohat
119,ajmer
119,beawar
119,bhinay
119,kekri
119,kishangarh
119,masuda
119,nasirabad
119,peesangan
119,sarwar
120,deoli
120,malpura
120,niwai
120,peeplu
120,todaraisingh
120,tonk
120,uniara
121,bundi
121,hindoli
121,indragarh
121,keshoraipatan
121,nainwa
122,asind
122,banera
122,beejoliya
122,bhilwara
122,hurda
122,jahazpur
122,kotri
122,mandalgarh
122,sahara
122,sahara city
122,badnera
122,baner
122,bhilwada
122,kopri
123,amet
123,bhim
123,deogarh
123,kumbhalgarh
123,nathdwara
123,railmagra
123,rajsamand
124,aspur
124,dungarpur
124,sagwara
124,simalwara
125,bagidora
125,banswara
125,garhi
125,ghatol
125,kushalgarh
126,bari sadri
126,begun
126,bhadesar
126,chittaurgarh
126,dungla
126,gangrar
126,kapasan
126,nimbahera
126,rashmi
126,rawatbhata
126,begur
127,digod
127,kota
127,ladpura
127,pipalda
127,ramganj mandi
127,sangod
128,antah
128,atru
128,bara
128,baran
128,chhabra
128,chhipabarod
128,mangrol
128,barra
129,aklera
129,gangdhar
129,jhalawar
129,jhalrapatan
129,jhalwar
129,manohar thana
129,pachpahar
129,pirawa
130,dal
130,girwa
130,gogunda
130,jhadol
130,kherwara
130,kotra
130,lasadiya
130,mavli
130,rishabhdeo
130,salumbar
130,sarada
130,udaipur
130,vallabhnagar
130,dael
131,arnod
131,chhoti sadri
131,dhariawad
131,peepalkhoont
131,pratapgarh
131,pratapgadh
132,behat
132,deoband
132,nakur
132,rampur maniharan
132,saharanpur
132,saharanpur city
132,bihat
132,dehat
132,namur
133,budhana
133,jansath
133,kairana
133,khatauli
133,muzaffarnagar
133,shamli
133,sisauli
133,janpath
133,kirana
133,muzzaffarnagar
134,bijnor
134,chandpur
134,dhampur
134,nagina
134,najibabad
135,bilari
135,chandausi
135,kanth
135,moradabad
135,moradabad district
135,muradabad
135,sambhal
135,thakurdwara
136,milak
136,rampur
136,shahabad
136,suar
136,tanda
137,amroha
137,dhanaura
137,gajraula
137,hasanpur
137,jyotiba phule nagar
138,mawana
138,meerut
138,meerut city
138,sardhana
139,baghpat
139,baraut
139,khekada
139,bagpat
140,garhmukteshwar
140,ghaziabad
140,ghaziabad city
140,hapur
140,khoda
140,loni
140,modinagar
140,muradnagar
140,garh mukteshwar
140,gaziabad
141,dadri
141,gautam buddha nagar
141,jewar
141,nithari
142,anupshahr
142,bulandshahr
142,debai
142,khanpur
142,khurja
142,siana
142,sikandrabad
142,talwar
142,bulandshahar
142,bulandshar
143,aligarh
143,aligarh city
143,atrauli
143,gabhana
143,iglas
143,khair
143,koil
144,hathras
144,hathras city
144,mahamaya nagar
144,sadabad
144,sasni
144,sikandra rao
144,mahamayanagar
145,barsana
145,chhata
145,govardhan
145,mahavan
145,mat
145,mathura
145,mathura city
146,agra
146,agra city
146,etmadpur
146,kheragarh
146,kiraoli
147,firozabad
147,shikohabad
147,ferozabad
148,mainpuri
149,badaun
149,badayun
149,budaun
150,bareli
150,faridpur
151,jahanabad
152,shahjahanpur
153,kheri
155,hardoi
156,safipur
157,kakori
157,lucknow
157,lucknow city
157,luchnow
157,lucknows
158,baida
158,dalmau
158,baidoa
158,bayda
159,farrukhabad
159,farukhabad
160,kannauj
162,auraiya
162,auraiyya
162,auriya
164,ghatampur
165,jalaun
165,kalpi
165,orai
165,rampura
166,babina
166,jhansi
167,lalitpur
169,mahoba
172,fatehpur
173,manikpur
175,allahabad
175,allahabad city
175,bhadohi
175,bhadoi
175,jhunsi
175,naini
175,badohi
177,ayodhya
177,faizabad
178,ambedkar nagar
179,amethi
179,dhakwa
179,gauriganj
179,sultanpur
180,bahraich
180,baharaich
180,behraich
182,balrampur
182,sunauli
183,gonda
183,mankapur
183,nawabganj
186,hariharpur
186,khalilabad
187,mahrajganj
188,gorakhpur
188,gorakhpur city
188,sardarnagar
190,deoria
190,rudrapur
190,salempur
190,peoria
191,azamgarh
191,ibrahimpur
191,phulpur
192,ghosi
192,mau
192,ghoti
192,mao
193,ballia
193,sikanderpur
194,jaunpur
194,shahganj
194,janpur
195,ghazipur
195,ghazipur city
195,jangipur
195,saidpur
195,gazipur
196,chandauli
197,banaras
197,benaras
199,chunar
199,mirzapur
201,aliganj
201,mohanpur
201,daliganj
201,mohanur
202,kasganj
202,kaasganj
203,bagaha
203,bairia
203,bettiah
203,bhitaha
203,chanpatia
203,gaunaha
203,jogapatti
203,lauriya
203,mainatanr
203,majhaulia
203,narkatiaganj
203,pashchim champaran
203,piprasi
203,sidhaw
203,sikta
203,thakrahan
203,betiah
204,adapur
204,areraj
204,banjaria
204,bankatwa
204,chakia
204,chiraia
204,dhaka
204,ghorasahan
204,harsidhi
204,kesaria
204,kotwa
204,madhuban
204,mehsi
204,mohammadpur
204,motihari
204,narkatia
204,paharpur
204,pakri dayal
204,patahi
204,phenhara
204,pipra
204,piprakothi
204,purba champaran
204,ramgarhwa
204,raxaul
204,sugauli
204,tetaria
204,turkaulia
204,adipur
204,arera
204,chakma
204,chiraiya
205,dumri katsari
205,piprarhi
205,purnahiya
205,sheohar
205,tariani chowk
206,bairgania
206,bajpatti
206,bathnaha
206,belsand
206,bokhara
206,charaut
206,dumra
206,majorganj
206,nanpur
206,parihar
206,parsauni
206,pupri
206,riga
206,runisaidpur
206,sitamarhi
206,suppi
206,sursand
206,bukhara
207,andhratharhi
207,babubarhi
207,basopatti
207,benipatti
207,bisfi
207,ghoghardiha
207,harlakhi
207,jayanagar
207,jhanjharpur
207,kaluahi
207,khajauli
207,ladania
207,lakhnaur
207,laukaha
207,laukahi
207,madhepur
207,madhubani
207,madhwapur
207,pandaul
207,phulparas
208,chhatapur
208,kishanpur
208,marauna
208,nirmali
208,pratapganj
208,saraigarh bhaptiyahi
208,supaul
208,tribeniganj
209,araria
209,bhargama
209,forbesganj
209,jokihat
209,kursakatta
209,narpatganj
209,palasi
209,sikti
209,arabia
210,bahadurganj
210,dighalbank
210,kishanganj
210,kochadhamin
210,pothia
210,terhagachh
210,thakurganj
211,amour
211,baisa
211,baisi
211,banmankhi
211,bhawanipur
211,dagarua
211,dhamdaha
211,jalalgarh
211,kasba
211,krityanand nagar
211,purnia
211,purnia east
211,rupauli
211,baiji
211,bhabanipur
212,amdabad
212,azamnagar
212,barari
212,barsoi
212,dandkhora
212,falka
212,hasanganj
212,kadwa
212,katihar
212,korha
212,kursela
212,manihari
212,mansahi
212,pranpur
212,sameli
213,alamnagar
213,bihariganj
213,gamharia
213,ghailarh
213,gwalpara
213,kumarkhand
213,madhepura
213,murliganj
213,puraini
213,shankarpur
213,singheshwar
214,banma itahri
214,kahara
214,mahishi
214,patarghat
214,saharsa
214,bihars saharsa
214,salkhua
214,satar kataiya
214,saur bazar
214,simri bakhtiarpur
215,alinagar
215,bahadurpur
215,baheri
215,benipur
215,biraul
215,darbhanga
215,ghanshyampur
215,gora bauram
215,gorkha
215,hanumannagar
215,hayaghat
215,jale
215,keotiranway
215,kiratpur
215,kusheshwar asthan
215,kusheshwar asthan purbi
215,manigachhi
215,singhwara
215,tardih
215,darbanga
215,hanuman nagar
216,aurai
216,bandra
216,baruraj
216,bochaha
216,dholi
216,gaighat
216,kanti
216,katra
216,kurhani
216,marwan
216,minapur
216,moraul
216,motipur
216,musahri
216,muzaffarpur
216,paroo
216,sahebganj
216,sakra
216,saraiya
216,mardan
216,midnapur
216,miyapur
216,muzaffapur
216,muzzaffarpur
216,paro
217,barauli
217,bhorey
217,bijaipur
217,gopalganj
217,hathua
217,katiya
217,kuchaikote
217,manjha
217,pach deuri
217,phulwaria
217,sidhwalia
217,thawe
217,uchkagaon
217,gopalgunj
218,andar
218,barharia
218,bhagwanpur hat
218,darauli
218,daraundha
218,goriakothi
218,guthani
218,hasanpura
218,hussainganj
218,lakri nabiganj
218,maharajganj
218,mairwa
218,pachrukhi
218,raghunathpur
218,siswan
218,siwan
218,siwan town
218,ziradei
219,amnour
219,baniapur
219,chapra
219,chhapra
219,dariapur
219,dighwara
219,ekma
219,garkha
219,ishupur
219,jalalpur
219,jalalpur city
219,lahladpur
219,maker
219,manjhi
219,marhaura
219,mashrakh
219,nagra
219,panapur
219,parsa
219,revelganj
219,saran
219,sonepur
219,taraiya
219,chapora
219,chappra
220,bidupur
220,chehra kalan
220,desri
220,goraul
220,hajipur
220,jandaha
220,lalganj
220,mahnar
220,mahua
220,patepur
220,paterhi belsar
220,raghopur
220,raja pakar
220,sahdai buzurg
220,vaishali
220,mannar
221,bibhutpur
221,bithan
221,dalsinghsarai
221,kalyanpur
221,mohiuddinagar
221,morwa
221,patori
221,pusa
221,rosera
221,samastipur
221,sarairanjan
221,shivaji nagar
221,singhia
221,tajpur
221,ujiarpur
221,vidyapati nagar
221,warisnagar
222,bachhwara
222,bakhri
222,balia
222,barauni
222,begusarai
222,birpur
222,cheria bariarpur
222,chhorahi
222,dandari
222,garhpura
222,khudabandpur
222,mansurchak
222,matihani
222,naokothi
222,sahebpur kamal
222,shamho akha kurha
222,teghra
222,birur
222,mirpur
223,alauli
223,beldaur
223,chautham
223,gogri
223,khagaria
223,mansi
223,parbatta
223,chatham
223,gotri
224,bhagalpur
224,bhagalpur town
224,bihpur
224,colgong
224,goradih
224,ismailpur
224,kharik
224,nathnagar
224,naugachhia
224,pirpainti
224,rangra chowk
224,sabour
224,shahkund
224,sonhaula
224,sultanganj
224,naugachia
225,banka
225,barahat
225,bausi
225,belhar
225,chanan
225,dhuraiya
225,katoria
225,phulidumar
225,rajaun
225,shambhuganj
225,banga
225,banke
226,asarganj
226,bariarpur
226,dharhara
226,jamalpur
226,kharagpur
226,munger
226,sangrampur
226,tetiha bambor
227,barahiya
227,chanan*
227,halsi
227,lakhisarai
227,ramgarh chowk
227,surajgarha
228,ariari
228,barbigha
228,chewara
228,ghat kusumbha
228,sheikhpura
228,shekhopur sarai
229,asthawan
229,ben
229,bind
229,chandi
229,ekangarsarai
229,giriak
229,harnaut
229,hilsa
229,islampur
229,karai parsurai
229,katrisarai
229,nagar nausa
229,nalanda
229,noorsarai
229,parbalpur
229,rahui
229,rajgir
229,sarmera
229,silao
229,tharthari
230,athmalgola
230,bakhtiarpur
230,barh
230,belchhi
230,bihta
230,bikram
230,danapur
230,daniawan
230,dhanarua
230,dinapur
230,dulhin bazar
230,fatwah
230,ghoswari
230,khagaul
230,khusrupur
230,maner
230,masaurhi
230,mokameh
230,naubatpur
230,paliganj
230,pandarak
230,patna
230,patna city
230,patna rural
230,phulwari
230,punpun
230,sampatchak
230,bakhtiyarpur
230,mokamah
231,agiaon
231,ara
231,arrah
231,baga
231,behea
231,bhojpur
231,charpokhari
231,garhani
231,jagdishpur
231,koilwar
231,piro
231,sahar
231,sandesh
231,tarari
231,udwant nagar
231,arak
231,bhojpuri
232,barhampur
232,buxar
232,chakki
232,chaugain
232,dumraon
232,itarhi
232,kesath
232,nawanagar
232,simri
232,buxa
233,adhaura
233,bhabua
233,bhabua
233,bhagwanpur
233,chand
233,durgawati
233,kaimur
233,kudra
233,mohania
233,nuaon
233,akhaura
233,bhabhua
234,akorhi gola
234,bikramganj
234,chenari
234,dawath
234,dehri
234,dinara
234,karakat
234,kargahar
234,kochas
234,nasriganj
234,rohtas
234,sanjhauli
234,sasaram
234,sheosagar
234,suryapura
234,tilouthu
234,karakax
235,barun
235,daudnagar
235,deo
235,gangapur
235,gangapur city
235,goh
235,gopalgarh
235,haspura
235,kutumba
235,madanpur
235,nabinagar
235,obra
235,rafiganj
235,gah
235,madanpura
235,ofra
236,amas
236,atri
236,banke bazar
236,barachatti
236,belaganj
236,bodh gaya
236,dobhi
236,dumaria
236,gaya
236,gaya city
236,gaya town
236,gaya town c.d. block
236,guraru
236,gurua
236,imamganj
236,khizirsarai
236,konch
236,muhra
236,neem chak bathani
236,paraiya
236,sherghati
236,tan kuppa
236,tikari
236,wazirganj
236,ames
236,gava
236,koch
237,akbarpur
237,gobindpur
237,hisua
237,kashi chak
237,kawakol
237,meskaur
237,nardiganj
237,narhat
237,navada
237,nawada
237,nawada town
237,pakribarawan
237,rajauli
237,roh
237,sirdala
237,warisaliganj
238,barhat
238,chakai
238,islamnagar aliganj
238,jamui
238,jhajha
238,khaira
238,lakshmipur
238,sikandra
238,sono
239,ghoshi
239,hulasganj
239,jehanabad
239,jehanabad
239,kako
239,makhdumpur
239,modanganj
239,ratni faridpur
240,arwal
240,kaler
240,karpi
240,kurtha
240,sonbhadra banshi suryapur
241,chungthang
241,mangan
241,north district
242,gyalshing
242,soreng
242,west district
243,namchi
243,ravong
243,south district
244,east district
244,gangtok
244,pakyong
244,rongli
245,bongkhar
245,dudunghar
245,jang
245,kitpi
245,lhou
245,lumla
245,mukto
245,tawang
245,thingbu
245,zemithang
245,jhang
245,lukla
246,balemu
246,bhalukpong
246,bomdila
246,dirang
246,jamiri
246,kalaktang
246,kamengbari doimara
246,nafra
246,rupa
246,shergaon
246,singchung
246,thembang
246,thrizino
246,west kameng
247,bameng
247,chayangtajo
247,dissing passo
247,east kameng
247,gyawe purang
247,khenewa
247,lada
247,pakke kessang
247,pipu dipu
247,pizirang
247,richukrong
247,sawa
247,seijosa
247,seppa
248,balijan
248,banderdawa
248,besar nello
248,doimukh
248,gumto
248,itanagar
248,kakoi
248,kimin
248,leporiang
248,mengio
248,naharlagun
248,papum pare
248,parang
248,sagalee
248,sangdupota
248,taraso
248,toru
248,padang
248,pahang
248,papumpare
248,parana
249,baja
249,baririjo
249,chetam
249,daporijo
249,dumporijo
249,giba
249,gite ripa
249,gussar
249,limeking
249,maro
249,nacho
249,payeng
249,peer yapu
249,puchi geko
249,siyum
249,taksing
249,taliha
249,upper subansiri
249,marol
250,aalo
250,bagra
250,basar
250,darak
250,daring
250,gensi
250,jomlo mobuk
250,kamba
250,kangku
250,kaying
250,likabali
250,liromoba
250,mechuka
250,monigong
250,payum
250,pidi
250,rumgong
250,sibe
250,tato
250,tirbin
250,west siang
250,yomcha
250,bagram
250,daraa
250,kambam
251,bilat
251,boleng
251,east siang
251,kebang
251,kora
251,koyu
251,mebo
251,namsing
251,nari
251,new seren
251,pangin
251,pasighat
251,rebo perging
251,ruksin
251,sille oyan
251,eilat
252,adipasi
252,geku
252,gelling
252,jengging
252,katan
252,mariyang
252,migging
252,mopom
252,palling
252,singa
252,tuting
252,upper siang
252,yingkiong
252,adivasi
253,bordumsa
253,changlang
253,diyun
253,jairampur
253,kharsang
253,khimiyong
253,lyngok longtoi
253,manmao
253,miao
253,nampong
253,namtok
253,renuk
253,tikhak rima putok
253,vijoynagar
253,yatdam
253,manmad
254,dadam
254,kanubari
254,khonsa
254,laju
254,lawnu
254,longding
254,pangchao
254,pumao
254,soha
254,tirap
254,wakka
255,dollungmukh
255,kamporijo
255,lower subansiri
255,old ziro
255,pistana
255,raga
255,yachuli
255,yazali
255,ziro
256,chambang
256,damin
256,gangte
256,koloriang
256,kurung kumey
256,longding koling
256,nyapin
256,palin
256,parsi parlo
256,phassang
256,pipsorang
256,sangram
256,sarli
256,tali
256,tarak lengdi
256,yangte
257,anelih
257,anini
257,arzoo circle
257,dibang valley
257,etalin
257,kronli
257,mipi
258,dambuk
258,desali
258,hunli
258,koronu
258,lower dibang valley
258,paglam
258,roing
258,tinali
259,chongkham
259,lathao
259,lekang
259,lohit
259,mahadevpur
259,namsai
259,piyong
259,sunpura
259,tezu
259,wakro
260,anjaw
260,chaglagam
260,goiliang
260,hawai
260,hayuliang
260,kibithoo
260,metengliang
260,walong
261,aboi
261,angjangyang
261,chen
261,hunta
261,longshen
261,mon
261,mon sadar
261,monyakshu
261,mopong
261,naginimora
261,phomching
261,shangnyu
261,tizit
261,tobu
261,wakching
261,mons
262,alongkima
262,changtongya
262,chuchuyimlang
262,kubolong
262,longchem
262,mangkolemba
262,merangmen
262,mokokchung
262,ongpangkong
262,tuli
263,aghunato
263,akuhaito
263,akuluto
263,asuto
263,atoizu
263,ghathashi
263,pughoboto
263,saptiqa
263,satakha
263,satoi
263,sena
263,suruhuto
263,v.k.
263,zunheboto
263,zunheboto sadar
264,aitepyong
264,baghty
264,bhandari
264,changpang
264,chukitong
264,englan
264,lotsu
264,ralan
264,sanis
264,sungro
264,wokha
264,wokha sadar
264,wozhuro
264,mokha
264,okha
265,aquqhnaqua
265,chumukedima
265,dhansiripar
265,dimapur
265,dimapur sadar
265,kuhoboto
265,medziphema
265,nihokhu
265,niuland
266,chetheba
266,chizami
266,chozuba
266,khezhakeno
266,khuza
266,meluri
266,pfutsero
266,phek
266,phek sadar
266,phokhungri
266,phor
266,razieba
266,sakraba
266,sekruzu
266,zuketsa
267,chare
267,chessore
267,chingmei
267,longkhim
267,mangko
267,ngoungchung
267,nokhu
267,noklak
267,noksen
267,panso
267,sangsangnyu
267,shamator
267,sotokur
267,thonoknyu
267,tsurungto
267,tuensang
267,tuensang sadar
268,longleng
268,sakshi
268,tamlu
268,yongnyah
269,amahator
269,khongsa
269,kiphire
269,kiphire sadar
269,kiusam
269,longmatra
269,pungro
269,seyochung
269,sitimi
270,botsa
270,chiephobozou
270,jakhama
270,kezocha
270,kohima
270,kohima sadar
270,kohima town
270,sechu zubza
270,tseminyu
270,tsogin
271,athibung
271,jalukie
271,kebai khelma
271,ngwalwa
271,nsong
271,pedi
271,peren
271,tening
272,mao maram
272,paomata
272,purul
272,sadar hills east
272,sadar hills west
272,saitu gamphazol
272,senapati
273,nungba
273,tamenglong
273,tamenglong north
273,tamenglong west
274,churachandpur
274,churachandpur north
274,singngat
274,thanlon
274,tipaimukh
274,churachanpur
274,churchandpur
275,bishnupur
275,moirang
275,nambol
276,kakching
276,lilong
276,thoubal
276,thoubal
277,imphal west
277,lamphelpat
277,lamshang
277,patsoi
277,wangoi
278,imphal east
278,jiribam
278,keirao bitra
278,porompat
278,sawombung
279,kamjong chassad
279,phungyar phaisat
279,ukhrul
279,ukhrul north
279,ukhrul south
279,ukhurl central
280,chakpikarong
280,chandel
280,chandel
280,machi
280,tengnoupal
281,mamit
281,reiek
281,west phaileng
281,zawlnuam
282,bilkhawthlir
282,kolasib
282,n thingdawl
282,kolosib
283,aibawk
283,aizawl
283,darlawn
283,phullen
284,champhai
284,khawbung
284,khawzawl
284,ngopa
284,champai
285,serchhip
286,hnahthial
286,lunglei
286,lungsen
286,west bunghmun
287,chawngte
287,lawngtlai
287,s bungtlang
287,sangau
288,saiha
288,tuipang
289,bishalgarh
289,boxanagar
289,dukli
289,gandhigram
289,hezamara
289,jampuijala
289,jirania
289,kathalia
289,khowai
289,mandai
289,melaghar
289,mungiakumi
289,padmabil
289,teliamura
289,tulashikhar
289,west tripura
289,agartala
290,bokafa
290,hrishyamukh
290,kakraban
290,karbuk
290,killa
290,matarbari
290,ompi
290,rupaichhari
290,satchand
290,south tripura
291,ambassa
291,chhamanu
291,dhalai
291,dumburnagar
291,kanchanpur
291,manu
291,salema
292,damchhara
292,dasda
292,gournagar
292,jampuii hills
292,kadamtala
292,kumarghat
292,north tripura
292,panisagar
292,pencharthal
293,betasing
293,dadenggiri
293,dalu
293,gambegre
293,rongram
293,selsella
293,tikrikilla
293,tura
293,west garo hills
293,zikzak
294,dambo rongjeng
294,east garo hills
294,kharkutta
294,resubelpara
294,samanda
294,songsak
295,baghmara
295,chokpot
295,gasuapara
295,rongara
295,south garo hills
296,mairang
296,mawkyrwat
296,mawshynrut
296,mawthadraishan
296,nongstoin
296,ranikor
296,west khasi hills
297,jirang
297,ribhoi
297,umling
297,umsning
298,east khasi hills
298,khatarshnong laitkroh
298,mawkynrew
298,mawphlang
298,mawryngkneng
298,mawsynram
298,mylliem
298,pynursla
298,shella bholaganj
299,amlarem
299,jaintia hills
299,khliehriat
299,laskein
299,saipung
299,thadlaskein
300,bhowraguri
300,dotoma
300,gossaigaon
300,kokrajhar
300,kokrajhar town
301,agamoni
301,dhubri
301,mankachar
301,south salmara
302,balijana
302,dudhnai
302,goalpara
302,goalpara town
302,matia
302,rangjuli
302,mati
303,baghbor
303,barpeta
303,chenga
303,kalgachia
303,sarthebari
303,barperta
304,bhuragaon
304,laharighat
304,marigaon
304,mayong
304,mikirbheta
304,morigaon
305,dhing
305,doboka
305,hojai
305,kaliabor
305,kampur
305,lanka
305,nagaon
305,raha
305,rupahi
305,samaguri
305,ojai
306,biswanath
306,chariduar
306,gohpur
306,helem
306,na duar
306,sonitpur
306,tezpur
306,belem
307,bihpuria
307,kadam
307,lakhimpur
307,naobaicha
307,north lakhimpur
308,dhemaji
308,gogamukh
308,jonai
308,sissibargaon
308,jowai
309,doom dooma
309,margherita
309,sadiya
309,tinsukia
310,chabua
310,dibrugarh
310,dibrugarh east
310,dibrugarh town
310,dibrugarh west
310,moran
310,naharkatiya
310,tengakhat
310,tingkhong
311,amguri
311,dimow
311,mahmora
311,nazira
311,sivasagar
311,sonari
311,demow
311,hazira
312,jorhat
312,jorhat east
312,jorhat west
312,majuli
312,mariani
312,teok
312,titabor
312,mariana
313,bokakhat
313,dergaon
313,golaghat
313,khumtai
313,morangi
313,sarupathar
314,diphu
314,donka
314,karbi anglong
314,phuloni
314,silonijan
314,karbi-anglong
315,dima hasao
315,haflong
315,mahur
315,maibong
315,umrangso
315,mahul
316,cachar
316,katigora
316,lakhipur
316,silchar
316,sonai
316,udarbond
316,bonai
317,badarpur
317,karimganj
317,nilambazar
317,patharkandi
317,ramkrishna nagar
318,algapur
318,hailakandi
318,katlichara
318,lala
319,boitamari
319,bongaigaon
319,srijangram
320,bengtol
320,chirang
320,nan
321,boko
321,chamaria
321,chhaygaon
321,goroimari
321,hajo
321,kamalpur
321,kamrup
321,koya
321,nagarbera
321,palasbari
321,rangia
321,haj
321,hajj
321,konya
321,koyna
321,namrup
322,azara
322,dispur
322,guwahati
322,guwahati city
322,kamrup metropolitan
322,guwhati
323,banekuchi
323,barbhag
323,barkhetri
323,nalbari
323,pachim nalbari
324,baksa
324,baska
324,tamulpur
325,darrang
325,mangaldoi
325,sipajhar
325,darang
326,harisinga
326,mazbat
326,udalguri
327,darjeeling pulbazar
327,darjiling
327,gorubathan
327,jorebunglow sukiapokhri
327,kalimpong
327,kalimpong
327,kharibari
327,kurseong
327,matigara
327,mirik
327,naxalbari
327,phansidewa
327,rangli rangliot
328,alipurduar
328,alipurduar
328,dhupguri
328,falakata
328,jalpaiguri
328,jalpaiguri
328,kalchini
328,kamtapur
328,kumargram
328,madarihat
328,mal
328,matiali
328,maynaguri
328,nagrakata
328,rajganj
328,kamatapur
328,matiari
329,cooch behar
329,cooch behar
329,dinhata
329,dinhata
329,haldibari
329,koch bihar
329,mathabhanga
329,mathabhanga
329,mekliganj
329,sitai
329,sitalkuchi
329,tufanganj
329,tufanganj
329,cooch bihar
329,coochbehar
330,chopra
330,goalpokhar
330,goalpokhar
330,hemtabad
330,itahar
330,kaliaganj
330,karandighi
330,raiganj
330,uttar dinajpur
331,balurghat
331,bansihari
331,dakshin dinajpur
331,dinajpur
331,gangarampur
331,harirampur
331,hilli
331,kumarganj
331,kushmundi
331,tapan
332,bamangola
332,chanchal
332,chanchal
332,english bazar
332,gazole
332,habibpur
332,harischandrapur
332,harischandrapur
332,kaliachak
332,kaliachak
332,kaliachaki
332,malda town
332,maldah
332,maldah
332,manikchak
332,ratua
332,ratua
332,englishbazar
333,beldanga
333,beldanga
333,berhampore
333,bhagawangola
333,bhagawangola
333,bharatpur
333,bharatpur
333,burwan
333,domkal
333,farakka
333,hariharpara
333,jalangi
333,kandi
333,khargram
333,lalgola
333,murshidabad
333,murshidabad jiaganj
333,nabagram
333,nawda
333,raghunathganj
333,raghunathganj
333,raninagar
333,raninagar
333,sagardighi
333,samserganj
333,suti
333,suti
333,maninagar
334,birbhum
334,bolpur
334,bolpur sriniketan
334,dubrajpur
334,illambazar
334,khoyrasol
334,labpur
334,mayureswar
334,mayureswar
334,mohammad bazar
334,murarai
334,murarai
334,nalhati
334,nalhati
334,nanoor
334,rampurhat
334,rampurhat
334,sainthia
334,suri
334,suri
335,ausgram
335,ausgram
335,barabani
335,barddhaman
335,bhatar
335,burdwan
335,burdwan
335,burdwan town
335,durgapur
335,faridpur durgapur
335,galsi
335,galsi
335,goda
335,haripur
335,jamuria
335,kalna
335,kalna
335,kanksa
335,katwa
335,katwa
335,ketugram
335,ketugram
335,khandaghosh
335,kulti
335,mangolkote
335,manteswar
335,memari
335,memari
335,ondal
335,pandabeswar
335,purbasthali
335,purbasthali
335,raina
335,raina
335,raniganj
335,salanpur
335,andal
335,durgapura
335,kalina
336,chakdah
336,hanskhali
336,haringhata
336,kaliganj
336,kalyani
336,karimpur
336,karimpur
336,krishnaganj
336,krishnagar
336,krishnagar
336,krishnanagar
336,nabadwip
336,nadia
336,nakashipara
336,ranaghat
336,ranaghat
336,santipur
336,tehatta
336,tehatta
336,krishna nagar
337,amdanga
337,baduria
337,bagda
337,baranagar
337,barasat
337,barasat
337,barrackpur
337,barrackpur
337,basirhat
337,basirhat
337,bhatpara
337,bongaon
337,deganga
337,dhakuria
337,gaighata
337,habra
337,habra
337,haroa
337,hasnabad
337,hingalganj
337,kamarhati
337,minakhan
337,naihati
337,north twenty four parganas
337,rajarhat
337,sandeshkhali
337,sandeshkhali
337,swarupnagar
337,bagdad
337,bashirhat
337,borgaon
338,arambag
338,balagarh
338,chanditala
338,chanditala
338,chinsurah magra
338,dhaniakhali
338,goghat
338,goghat
338,haripal
338,hugli
338,jangipara
338,khanakul
338,khanakul
338,madina
338,pandua
338,polba dadpur
338,pursura
338,serampur uttarpara
338,simla
338,singur
338,tarakeswar
338,arambagh
338,haripad
338,madinah
339,bankura
339,bankura
339,bankura
339,barjora
339,chhatna
339,gangajalghati
339,hirbandh
339,indpur
339,indus
339,jaypur
339,khatra
339,kotulpur
339,mejhia
339,onda
339,patrasayer
339,ranibundh
339,saltora
339,sarenga
339,simlapal
339,sonamukhi
339,taldangra
339,vishnupur
339,chhatnag
340,adra
340,arsha
340,bagmundi
340,balarampur
340,barabazar
340,bundwan
340,hura
340,jhalda
340,jhalda
340,manbazar
340,manbazar
340,neturia
340,para
340,puncha
340,purulia
340,purulia
340,puruliya
340,raghunathpur
340,raghunathpur
340,santuri
340,arusha
340,parra
340,payra
341,amta
341,amta
341,bagnan
341,bagnan
341,bally
341,bally jagachha
341,domjur
341,haora
341,jagatballavpur
341,panchla
341,shyampur
341,shyampur
341,udaynarayanpur
341,uluberia
341,uluberia
341,bagan
341,hatra
342,calcutta
342,jadavpur
342,kolkata
342,kolkata district
342,calcuttas
342,kolakata
342,kolakata district
342,"kolkata
593,mannarkkad
435,tarawa
12,pulawama
618,nagpattinam
438,sardarpura
380,erasama
254,tira
549,chimakurthy
583,vijaypura
379,auli
523,patoka
553,rolle
466,khandva
541,madeira
536,hyderabads
553,kadri
206,sitamadhi
273,tamenlong
549,panur
579,gulburga
382,mangapur
93,laxminagar
313,golghat
431,umariya
570,chikmgalur
33,chita
563,tellapur
141,gautambuddha nagar
175,allahbad
231,aara
130,gorwa
55,chandigadh
220,vaisali
426,shadnagar
38,hoshiyarpur
626,ramanathpuram
553,anatapur
429,unchahar
389,gajpati
210,kisanganj
591,vatakara
381,karang
609,thiruchengode
514,jalana
66,naini tal
421,dabri
214,patharghat
177,ayodhaya
618,nagapttinam
352,dudhwa
246,ruma
127,sangad
340,ansha
357,boras
521,pune"
342,kolkatas
342,kolkatta
342,kolkota
343,baruipur
343,basanti
343,bhangar
343,bhangar
343,bishnupur
343,bishnupur
343,budge budge
343,budge budge
343,canning
343,canning
343,diamond harbour
343,diamond harbour
343,falta
343,gosaba
343,jaynagar
343,jaynagar
343,kakdwip
343,kulpi
343,kultali
343,magrahat
343,magrahat
343,mandirbazar
343,mathurapur
343,mathurapur
343,namkhana
343,patharpratima
343,sonarpur
343,south twenty four parganas
343,thakurpukur mahestola
343,bisnupur
343,fata
343,nanning
344,binpur
344,binpur
344,chandrakona
344,chandrakona
344,dantan
344,dantan
344,daspur
344,daspur
344,debra
344,garbeta
344,garbeta
344,garbetai
344,ghatal
344,gopiballavpur
344,gopiballavpur
344,jamboni
344,jhargram
344,keshiary
344,keshpur
344,kharagpur
344,kharagpur
344,midnapore
344,midnapore town
344,narayangarh
344,nayagram
344,paschim medinipur
344,pingla
344,sabang
344,salbani
344,paschim mednipur
345,bhagawanpur
345,bhagawanpur
345,chandipur
345,contai
345,contaii
345,deshopran
345,egra
345,egra
345,haldia
345,khejuri
345,khejuri
345,kolaghat
345,mahisadal
345,moyna
345,nanda kumar
345,nandigram
345,nandigram
345,panskura
345,potashpur
345,potashpur
345,purba medinipur
345,ramnagar
345,ramnagar
345,sahid matangini
345,sutahata
345,tamluk
346,bardiha
346,bhandaria
346,bhawnathpur
346,bishunpura
346,chinia
346,danda
346,dandai
346,dhurki
346,garhwa
346,garhwa
346,ketar
346,kharaundhi
346,majhiaon
346,meral
346,nagaruntari
346,pipra kalan
346,ramkanda
346,ramna
346,ranka
346,sagma
346,dandi
347,chatra
347,hunterganj
347,itkhori
347,kanha chatti
347,kunda
347,lawalaung
347,mayur hand
347,pathalgora
347,shaligram ram narayanpur
347,simaria
347,tandwa
348,chandwara
348,domchanch
348,kodarma
348,markacho
348,satgawan
349,bagodar
349,bengabad
349,birni
349,dhanwar
349,gande
349,gawan
349,giridih
349,jamua
349,pirtanr
349,sariya
349,tisri
349,girdih
349,giridh
350,deoghar
350,devipur
350,karon
350,madhupur
350,margo munda
350,palojori
350,sarath
350,sarwan
350,sona rai tharhi
350,madhopur
351,bashant rai
351,boarijor
351,godda
351,mahagama
351,meherma
351,pathargama
351,poreyahat
351,sundarpahari
351,thakurgangti
352,barhait
352,barharwa
352,borio
352,mandro
352,pathna
352,rajmahal
352,sahibganj
352,taljhari
352,udhwa
353,amrapara
353,hiranpur
353,litipara
353,maheshpur
353,pakaur
353,pakur
353,pakuria
354,baghmara
354,baliapur
354,chirkunda
354,dhanbad
354,dhanbad
354,jagata
354,jharia
354,jorapokhar
354,katras
354,kenduadih
354,nirsa
354,purbi tundi
354,sindri
354,topchanchi
354,tundi
354,katraj
355,bermo
355,bokaro
355,chandankiyari
355,chandrapura
355,chas
355,gumia
355,jaridih
355,kasmar
355,nawadih
355,peterwar
355,baridih
355,chandankyari
355,gomia
355,jasidih
356,bhandra
356,kairo
356,kisko
356,kuru
356,lohardaga
356,peshrar
356,senha
356,karo
356,lohardagga
356,peshwar
357,baharagora
357,boram
357,chakulia
357,dhalbhumgarh
357,ghatshila
357,golmuri
357,gurbandha
357,jugsalai
357,kadma
357,mango
357,mango city
357,musabani
357,patamda
357,potka
357,purbi singhbhum
357,tata
357,dalbhumgarh
357,mosabani
358,bishrampur
358,daltonganj
358,haidernagar
358,hariharganj
358,hussainabad
358,lesliganj
358,manatu
358,medininagar
358,mohammad ganj
358,nawa bazar
358,nawadiha
358,nawadiha bazar
358,nilambar pitambarpur
358,padwa
358,palamu
358,pandu
358,panki
358,satbarwa
358,tarhasi
358,untari road
358,daltongunj
359,balumath
359,bariyatu
359,barwadih
359,chandwa
359,garu
359,herhanj
359,latehar
359,mahuadanr
359,manika
359,bariatu
359,lathehar
360,barkagaon
360,barkatha
360,bishungarh
360,chalkusa
360,chauparan
360,churchu
360,dadi
360,daru
360,hazaribag
360,hazaribag town
360,hazaribagh
360,ichak
360,katamdag
360,katkamsandi
360,keredari
360,padma
360,tati jhariya
360,parma
361,chitarpur
361,dulmi
361,gola
361,mandu
361,patratu
361,ramgarh
362,dumka
362,gopikandar
362,jama
362,jarmundi
362,kathikund
362,masalia
362,ranishwar
362,saraiyahat
362,shikaripara
363,jamtara
363,karma tanr vidyasagar
363,kundhit
363,nala
364,angara
364,bero
364,bundu
364,burmu
364,chanho
364,hatia
364,itki
364,kanke
364,khelari
364,lapung
364,mandar
364,muri
364,namkum
364,ormanjhi
364,rahe
364,ranchi
364,ranchi city
364,ratu
364,silli
364,sonahatu
364,tamar i
364,lampung
364,mangar
364,mubi
365,erki
365,karra
365,khunti
365,murhu
365,tamar ii
365,torpa
365,khuti
366,albert ekka
366,basia
366,bishunpur
366,ghaghra
366,gumla
366,jari
366,kamdara
366,palkot
366,raidih
366,sisai
366,verno
366,bishenpur
366,humla
366,jumla
367,bano
367,bansjor
367,bolba
367,jaldega
367,kersai
367,kolebira
367,kurdeg
367,pakar tanr
367,simdega
367,thethaitangar
368,anandpur
368,bandgaon
368,chaibasa
368,chakradharpur
368,goilkera
368,gudri
368,hat gamharia
368,jagannathpur
368,jhinkpani
368,kandra
368,khuntpani
368,kiriburu
368,kumardungi
368,majhgaon
368,manjhari
368,manoharpur
368,noamundi
368,pashchim singhbhum
368,pashchimi singhbhum
368,sonua
368,tantnagar
368,tonto
368,west singhbhum
368,pantnagar
369,adityapur
369,chandil
369,gamharia
369,gobindpur
369,ichagarh
369,kharsawan
369,kuchai
369,kukru
369,nimdih
369,rajnagar
369,saraikela
369,saraikela kharsawan
369,gobindapur
370,ambabhona
370,attabira
370,barapali
370,bargarh
370,bargarh sadar
370,bhatli
370,bheden
370,bijepur
370,burden
370,gaisilet
370,jharbandha
370,melchhamunda
370,paikamal
370,sohela
370,baragarh
371,badmal
371,banaharapali
371,belpahar
371,brajarajnagar
371,jharsuguda
371,kolabira
371,laikera
371,orient
371,rengali
371,brajrajnagar
371,lorient
372,ainthapali
372,burla
372,charamal
372,dhama
372,dhanupali
372,govindpur
372,hirakud
372,jamankira
372,jujomura
372,katarbaga
372,kisinda
372,kochinda
372,mahulpalli
372,naktideul
372,rairakhol
372,rengali
372,sambalpur
372,sambalpur
372,sambalpur city
372,sasan
372,thelkoloi
372,dhamar
372,govindpuri
372,kikinda
373,barkot
373,debagarh
373,kundheigola
373,reamal
374,banei
374,baragaon
374,bhasma
374,biramitrapur
374,bisra
374,bondamunda
374,brahmani tarang
374,chandiposh
374,dharuadihi
374,gurundia
374,hatibari
374,hemgir
374,kamarposh balang
374,kinjirkela
374,koida
374,kutra
374,lahunipara
374,lathikata
374,lephripara
374,mahulapada
374,raghunathapali
374,raiboga
374,rajagangapur
374,raurkela
374,sundargarh
374,sundargarh
374,sundargarh town
374,sundergarh
374,talasara
374,tangarapali
374,tikaetpali
374,basra
375,anandapur
375,bamebari
375,barbil
375,baria
375,bolani
375,champua
375,daitari
375,ghasipura
375,ghatgaon
375,harichandanpur
375,jhumpura
375,joda
375,kanjipani
375,kendujhar
375,kendujhar sadar
375,kendujhar town
375,nandipada
375,nayakote
375,pandapara
375,patana
375,rugudi
375,sainkul
375,soso
375,telkoi
375,turumunga
375,arbil
375,bahia
375,bambari
375,barca
375,bria
375,pataya
376,badampahar
376,bahalda
376,baisinga
376,bangiriposi
376,baripada
376,baripada sadar
376,baripada town
376,barsahi
376,betanati
376,bisoi
376,chandua
376,ghagarbeda
376,gorumahisani
376,jamda
376,jashipur
376,jharpokharia
376,kaptipada
376,karanjia
376,khunta
376,koliana
376,mahuldiha
376,mayurbhanj
376,muruda
376,paktia
376,rairangpur
376,rairangpur town
376,raruan
376,rasagobindapur
376,sharata
376,suliapada
376,thakurmunda
376,tiring
376,udala
376,mayurbhanja
376,paktika
376,paktiya
377,balaramgadi marine
377,baleshwar
377,baleshwar
377,baleshwar sadar
377,baliapal
377,bampada
377,basta
377,berhampur
377,bhograi
377,chandipur
377,jaleswar
377,kamarda
377,khaira
377,nilagiri
377,oupada
377,raibania
377,remuna
377,rupsa
377,sahadevkhunta
377,similia
377,singla
377,soro
377,baleswar
377,bastia
377,kaira
377,nilgiri
378,agarpada
378,bansada
378,bant
378,basudebpur
378,bhadrak
378,bhadrak rural
378,bhandari pokhari
378,chandabali
378,dhamanagar
378,dhamara marine
378,dhusuri
378,naikanidihi
378,tihidi
379,aali
379,derabish
379,jamboo marine
379,kendrapara
379,kendrapara
379,kendrapara sadar
379,mahakalapada
379,marsaghai
379,nikirai
379,patkura
379,pattamundai
379,rajkanika
379,rajnagar
380,abhyachandpur
380,balikuda
380,biridi
380,ersama
380,jagatsinghapur
380,jagatsinghapur
380,kujang
380,naugaon
380,paradeep lock
380,paradip
380,tirtol
381,athagad
381,badamba
381,baidyeswar
381,banki
381,barang
381,c.r.r.i.
381,choudwar
381,cuttack
381,cuttack
381,cuttack city
381,cuttack sadar
381,gurudijhatia
381,jagatpur
381,kandarpur
381,kanpur
381,kanpur city
381,khuntuni
381,kishannagar
381,mahanga
381,narasinghpur
381,nemalo
381,niali
381,nischintakoili
381,olatapur
381,salepur
381,tangi
381,tigiria
381,cuttak
382,badachana
382,balichandrapur
382,bari ramachandrapur
382,binjharpur
382,dharmasala
382,jajapur
382,jajapur
382,jajapur road
382,jajpur
382,jajpur sadar
382,jajpur town
382,jakhapura
382,jenapur
382,kaliapani
382,kalinganagar
382,korai
382,kuakhia
382,mangalpur
382,panikoili
382,sukinda
382,tomka
382,dharmashala
382,koradi
382,kovai
382,manjalpur
383,balimi
383,bhuban
383,dhenkanal
383,dhenkanal sadar
383,gandia
383,hindol
383,kamakshyanagar
383,kankadahad
383,motunga
383,nihalprasad
383,parajang
383,rasol
383,tumusingha
383,hindon
383,matunga
384,angul
384,anugul
384,anugul
384,athmallik
384,banarpal
384,bantala
384,bikrampur
384,chhendipada
384,colliery
384,handapa
384,industrial
384,industrial town
384,jarapada
384,kaniha
384,khamar
384,kiakata
384,kishorenagar
384,n.t.p.c.
384,nalco
384,palalahada
384,purunakot
384,rengali damsite
384,samal barrage
384,talcher sadar
384,thakurgarh
384,kanha
385,banigochha
385,dasapalla
385,fategarh
385,gania
385,itamati
385,khandapada
385,nayagarh
385,nayagarh
385,nayagarh sadar
385,nayagarh town
385,nuagaon
385,odagaon
385,ranapur
385,sarankul
386,airfield (kapila prasad)
386,balianta
386,balipatna
386,balugaon
386,banapur
386,begunia
386,bhubaneswar
386,bhubaneswar city
386,bolagad
386,chandaka
386,jankia
386,jatani
386,khandagiri
386,khordha
386,khordha sadar
386,khurda
386,lingaraj
386,mancheswar
386,nandankanan
386,nirakarpur
386,saheednagar
386,tamando
386,tangi
386,uttara
386,bhubhaneswar
386,jatni
386,khurdha
387,astaranga
387,brahmagiri
387,chandanpur
387,delanga
387,gadisagada
387,gop
387,kakatpur
387,konark
387,krushna prasad
387,nimapada
387,pipili
387,puri
387,puri
387,puri town
387,ramachandi
387,sadar
387,satyabadi
387,pipli
388,arjyapalli marine
388,asika
388,badagada
388,bhanjanagar
388,brahmapur
388,brahmapur sadar
388,buguda
388,chamakhandi
388,chhatrapur
388,dharakote
388,digapahandi
388,ganjam
388,golanthara
388,gopalpur
388,hinjili
388,jagannath prasad
388,jarada
388,kabisuryanagar
388,khalikote
388,kodala
388,patapur
388,polasara
388,purusottampur
388,rambha
388,seragad
388,surada
388,tarasingi
388,chatrapur
389,adva
389,gajapati
389,garabandha
389,gurandi
389,kashinagara
389,mohana
389,parlakhemundi
389,r.udaygiri
389,serango
389,gajapathi
389,gajapti
389,paralakhemundi
390,baliguda
390,belaghar
390,brahmanigaon
390,chakapada
390,daringbadi
390,g.udayagiri
390,gochhapada
390,kandhamal
390,khajuripada
390,kotagarh
390,phiringia
390,phulabani
390,phulabani town
390,raikia
390,sarangagarh
390,tikabali
390,tumudibandha
390,kandhmal
390,phulbani
391,baudh
391,baudh sadar
391,baunsuni
391,harbhanga
391,kantamal
391,manamunda
391,puruna katak
392,binika
392,biramaharajpur
392,dunguripali
392,rampur
392,subalaya
392,subarnapur
392,tarbha
392,ulunda
393,balangir
393,bangomunda
393,belpara
393,kantabanji
393,khaprakhol
393,loisinga
393,patnagarh
393,saintala
393,samara
393,sindhekela
393,titlagarh
393,turekela
393,tushura
394,boden
394,jonk
394,khariar
394,komna
394,nuapada
394,sinapali
394,bowen
394,nuapara
395,biswanathpur
395,dharamgarh
395,golamunda
395,jayapatna
395,junagarh
395,kalahandi
395,kegaon
395,kesinga
395,kokasara
395,lanjigarh
395,madanpur rampur
395,narala
395,thuamul rampur
395,kalhandi
396,ambadala
396,andirakanch
396,bishamakatak
396,doraguda
396,gudari
396,gunupur
396,kalyanasingpur
396,kashipur
396,muniguda
396,puttasing
396,rayagada
396,seskhal
396,tikiri
397,chandahandi
397,dabugan
397,jharigan
397,khatiguda
397,kodinga
397,kosagumuda
397,kundei
397,nabarangapur
397,nabarangapur
397,paparahandi
397,raighar
397,tentulikhunti
397,umarkote
397,kundli
398,bandhugaon
398,bhairabsingipur
398,boipariguda
398,boriguma
398,damonjodi
398,dasamantapur
398,jeypore
398,kakiriguma
398,koraput
398,koraput
398,koraput town
398,kotiya
398,kotpad
398,kundura
398,machh kund
398,nandapur
398,narayanpatana
398,padua
398,pottangi
398,similiguda
398,sunabeda
398,beypore
398,damanjodi
398,narayanpatna
398,papua
399,chitrakonda
399,jodamba
399,kalimela
399,m.v. 79
399,malkangiri
399,malkangiri
399,mathili
399,motu
399,mudulipada
399,orkel
399,paparmetla
399,podia
399,malakangiri
399,malkanagiri
399,malkangri
400,khadganva
400,koriya
400,manendragarh
400,sonhat
401,ambikapur
401,batouli
401,bhaiyathan
401,kusmi
401,lakhanpur
401,lundra
401,mainpat
401,oudgi
401,premnagar
401,ramanujganj
401,ramanujnagar
401,samri
401,shankargarh
401,sitapur
401,sitapur city
401,surajpur
401,surguja
401,udaypur
401,wadrafnagar
401,prem nagar
402,bagicha
402,duldula
402,farsabahar
402,jashpur
402,jashpur
402,kansabel
402,kunkuri
402,pathalgaon
403,baramkela
403,dharamjaigarh
403,gharghoda
403,kharsia
403,lailunga
403,pusour
403,raigarh
403,sarangarh
403,tamnar
403,udaipur
403,udaipur city
404,kartala
404,katghora
404,korba
404,korba
404,poundi uproda
404,karkala
405,akaltara
405,baloda
405,champa
405,dabhra
405,jaijaipur
405,janjgir
405,janjgir champa
405,malkharoda
405,pamgarh
405,sakti
405,janjgir-champa
406,bilaspur
406,bilha
406,lormi
406,marwahi
406,masturi
406,mungeli
406,pathariya
406,pendra
406,pendra road gorella
406,takhatpur
407,bodla
407,kabeerdham
407,kawardha
407,pandariya
407,sahaspur lohara
408,ambagarh
408,chhuikhadan
408,chhuriya
408,dongargaon
408,dongargarh
408,khairagarh
408,mohla
408,rajnandgaon
409,balod
409,bemetara
409,berla
409,dhamdha
409,dondi
409,dondi luhara
409,durg
409,gunderdehi
409,gurur
409,saja
409,thanakhamria
410,abhanpur
410,arang
410,baloda bazar
410,bhatapara
410,bilaigarh
410,bindranavagarh
410,chhura
410,deobhog
410,gariyaband
410,kasdol
410,mainpur
410,palari
410,raipur
410,raipur city
410,rajim
410,simga
410,tilda
410,balodabazar
410,gariaband
411,bagbahra
411,basna
411,mahasamund
411,pithora
411,saraipali
412,dhamtari
412,dhamtari
412,kurud
412,magarlod
413,antagarh
413,bhanupratappur
413,charama
413,durgkondal
413,kanker
413,narharpur
413,pakhanjur
413,uttar bastar kanker
414,bade rajpur
414,bakavand
414,bastanar
414,bastar
414,darbha
414,farasgaon
414,jagdalpur
414,keskal
414,kondagaon
414,lohandiguda
414,makdi
414,tokapal
414,bastad
415,narayanpur
415,orchha
416,chhindgarh
416,dakshin bastar dantewada
416,dantewada
416,gidam
416,katekalyan
416,konta
416,kuakonda
416,sukma
416,konna
417,bhairamgarh
417,bhopalpattnam
417,bijapur
417,bijapur city
417,usur
418,badoda
418,beerpur
418,karahal
418,sheopur
418,sheopur
418,vijaypur
419,ambah
419,joura
419,kailaras
419,morena
419,porsa
419,sabalgarh
419,modena
419,murena
420,ater
420,bhind
420,gohad
420,gormi
420,lahar
420,mehgaon
420,mihona
420,ron
420,ayer
421,bhitarwar
421,chinour
421,dabra
421,gird
421,gwalior
421,pichhore
421,tekanpur
421,gir
422,bhander
422,datia
422,indergarh
422,seondha
423,badarwas
423,karera
423,khaniyadhana
423,kolaras
423,narwar
423,pichhore
423,pohri
423,shivpuri
424,baldeogarh
424,jatara
424,khargapur
424,mohangarh
424,niwari
424,palera
424,prithvipur
424,raj nagar
424,tikamgarh
425,bada malhera
425,bijawar
425,buxwaha
425,chandla
425,chhatarpur
425,gaurihar
425,ghuwara
425,laundi
425,maharajpur
425,nowgong
426,ajaigarh
426,amanganj
426,devendranagar
426,gunnor
426,panna
426,pawai
426,raipura
426,shahnagar
426,powai
427,banda
427,bina
427,dhana
427,garhakota
427,kesli
427,khurai
427,malthon
427,rahatgarh
427,rehli
427,sagar
427,shahgarh
427,baanda
427,dhanas
427,maithon
428,batiyagarh
428,damoh
428,hatta
428,jabera
428,patera
428,patharia
428,bhatta
429,amarpatan
429,birsinghpur
429,kotar
429,kothi
429,maihar
429,majhgawan
429,nagod
429,raghurajnagar
429,rampur baghelan
429,satna
429,unchahara
429,kokar
430,gurh
430,hanumana
430,jawa
430,mangawan
430,mauganj
430,naigarhi
430,raipur karchuliyan
430,rewa
430,semaria
430,sirmour
430,teonthar
430,java
431,bandhogarh
431,chandia
431,nowrozabad
431,umaria
432,jawad
432,jiran
432,manasa
432,neemuch
432,neemuch
432,singoli
432,jizan
432,manas
432,manisa
432,neemach
433,bhanpura
433,daloda
433,garoth
433,malhargarh
433,mandsaur
433,nagri
433,shamgarh
433,sitamau
433,suwasara
434,alot
434,bajna
434,jaora
434,piploda
434,ratlam
434,rawti
434,sailana
434,tal
435,badnagar
435,ghatiya
435,khacharod
435,mahidpur
435,nagda
435,tarana
435,ujjain
435,nagada
436,agar
436,badod
436,gulana
436,kalapipal
436,moman badodiya
436,nalkheda
436,shajapur
436,shujalpur
436,susner
437,bagli
437,dewas
437,hatpiplya
437,kannod
437,khategaon
437,satwas
437,sonkatch
437,tonk khurd
437,badli
437,devas
438,badnawar
438,dahi
438,dhar
438,dharampuri
438,gandhwani
438,kukshi
438,manawar
438,pithampur
438,sardarpur
438,dar
439,depalpur
439,hatod
439,indore
439,mhow
439,sanwer
439,sawer
440,barwaha
440,bhagwanpura
440,bhikangaon
440,gogaon
440,jhiranya
440,kasrawad
440,khargone
440,khargone
440,maheshwar
440,segaon
440,west nimar
441,anjad
441,barwani
441,barwani
441,niwali
441,pansemal
441,rajpur
441,sendhwa
441,thikri
441,varla
441,badwani
442,biaora
442,jirapur
442,khilchipur
442,narsinghgarh
442,pachore
442,rajgarh
442,sarangpur
442,biafra
443,basoda
443,gulabganj
443,gyaraspur
443,kurwai
443,lateri
443,nateran
443,sironj
443,tyonda
443,vidisha
444,berasia
444,bhopal
444,bhopal city
444,bhojpal
444,bopal
445,ashta
445,budni
445,ichhawar
445,jawar
445,nasrullaganj
445,rehti
445,sehore
445,shyampur
446,badi
446,baraily
446,begamganj
446,gairatganj
446,goharganj
446,raisen
446,silwani
446,udaipura
446,badin
446,bareily
447,amla
447,athner
447,betul
447,betul
447,bhainsdehi
447,chicholi
447,ghoda dongri
447,multai
447,shahpur
448,handiya
448,harda
448,harda
448,khirkiya
448,rehatgaon
448,sirali
448,timarni
449,babai
449,bankhedi
449,dolariya
449,hoshangabad
449,itarsi
449,seoni malwa
449,sohagpur
449,hosangabad
449,itarasi
450,badwara
450,bahoriband
450,barhi
450,dhimarkheda
450,katni
450,murwara
450,rithi
450,vijayraghavgarh
451,jabalpur
451,kundam
451,majholi
451,panagar
451,pipariya
451,sihora
451,panagarh
451,piparia
452,gadarwara
452,gotegaon
452,kareli
452,narsimhapur
452,narsinghpur
452,karoli
452,narsingpur
453,dindori
453,shahpura
454,bichhiya
454,ghughari
454,mandla
454,nainpur
454,narayanganj
454,niwas
454,mandala
454,mangla
455,amarwara
455,bichhua
455,chaurai
455,chhindwara
455,harrai
455,jamai
455,mohkhed
455,pandhurna
455,parasia
455,sausar
455,tamia
455,chhindwada
455,chindwara
456,barghat
456,chhapara
456,ghansaur
456,keolari
456,kurai
456,lakhnadon
456,seoni
456,kurji
457,baihar
457,balaghat
457,beni
457,hirapur
457,katangi
457,khairlanji
457,kirnapur
457,lalbarra
457,lanji
457,paraswada
457,tirodi
457,waraseoni
457,benxi
457,feni
457,katanga
458,aron
458,ashok nagar
458,bamori
458,chachaura
458,guna
458,kumbhraj
458,maksoodangarh
458,raghogarh
459,ashoknagar
459,chanderi
459,isagarh
459,mungaoli
459,shadhora
460,beohari
460,jaisinghnagar
460,jaitpur
460,shahdol
460,jaitapur
461,anuppur
461,jaithari
461,kotma
461,pushparajgarh
461,annuppur
462,churhat
462,gopadbanas
462,kusmi
462,majhauli
462,rampur naikin
462,sidhi
462,sihawal
462,kurmi
463,chitrangi
463,deosar
463,singrauli
464,jhabua
464,meghnagar
464,petlawad
464,ranapur
464,thandla
465,alirajpur
465,bhavra
465,jobat
465,jobar
466,east nimar
466,harsud
466,khalwa
466,khandwa
466,khandwa
466,pandhana
466,punasa
466,harsul
466,khandsa
467,burhanpur
467,khaknar
467,nepanagar
468,abdasa
468,anjar
468,bhachau
468,bhuj
468,gandhidham
468,kachchh
468,kandla
468,lakhpat
468,mandvi
468,mundra
468,nakhatrana
468,rapar
468,kandhla
469,amirgadh
469,banas kantha
469,bhabhar
469,danta
469,dantiwada
469,deesa
469,deodar
469,dhanera
469,kankrej
469,palanpur
469,tharad
469,vadgam
469,vav
469,deonar
470,chanasma
470,harij
470,patan
470,radhanpur
470,sami
470,santalpur
470,sidhpur
471,becharaji
471,kadi
471,kheralu
471,mahesana
471,satlasana
471,unjha
471,vadnagar
471,vijapur
471,visnagar
472,bayad
472,bhiloda
472,bodi
472,dhansura
472,himatnagar
472,idar
472,khedbrahma
472,malpur
472,meghraj
472,modasa
472,prantij
472,sabar kantha
472,talod
472,vadali
472,vijaynagar
472,himmatnagar
472,lodi
473,dehgam
473,gandhinagar
473,gandhingar
474,ahmadabad
474,ahmadabad city
474,ahmedabad
474,ahmedabad city
474,bapunagar
474,barwala
474,bavla
474,daskroi
474,detroj rampura
474,dhandhuka
474,dholka
474,hansalpur
474,mandal
474,paldi
474,ranpur
474,sanand
474,vejalpur
474,viramgam
474,ahamedabad
474,ahemadabad
474,ahemedabad
474,ahmedbad
475,chotila
475,chuda
475,dasada
475,dhrangadhra
475,halvad
475,lakhtar
475,limbdi
475,muli
475,sayla
475,surendranagar
475,wadhwan
476,dhoraji
476,gondal
476,jamkandorna
476,jasdan
476,jetpur
476,kotda sangani
476,lodhika
476,maliya
476,morvi
476,paddhari
476,rajkot
476,rajkot city
476,tankara
476,upleta
476,wankaner
476,kotda-sangani
476,malaya
476,maloya
476,morni
476,naliya
477,bhanvad
477,changa
477,dhrol
477,jamjodhpur
477,jamnagar
477,jamnagar city
477,jodiya
477,kalavad
477,khambhalia
477,lalpur
477,mithapur
477,okhamandal
477,salaya
477,jamanagar
478,kutiyana
478,porbandar
478,porbandar
478,ranavav
478,porbander
479,bhesan
479,junagadh
479,junagadh city
479,keshod
479,kodinar
479,malia
479,manavadar
479,mendarda
479,patan veraval
479,sutrapada
479,talala
479,vanthali
479,veraval
479,visavadar
479,junagad
479,jungadh
479,mala
479,malin
480,amreli
480,babra
480,bagasara
480,dhari
480,jafrabad
480,khambha
480,kunkavav vadia
480,lathi
480,lilia
480,rajula
480,savar kundla
480,amroli
481,alang
481,bhavnagar
481,bhavnagar city
481,botad
481,gadhada
481,gariadhar
481,ghogha
481,mahuva
481,palitana
481,sihor
481,talaja
481,umrala
481,vallabhipur
481,bhavanagar
481,btad
482,anand
482,anand
482,anklav
482,borsad
482,khambhat
482,petlad
482,sojitra
482,vasad
483,balasinor
483,kapadvanj
483,kathlal
483,kheda
483,mahudha
483,matar
483,mehmedabad
483,nadiad
483,thasra
483,virpur
483,matara
483,mazar
484,ghoghamba
484,godhra
484,hadaf
484,halol
484,jambughoda
484,kadana
484,kalol
484,lunawada
484,morwa
484,panch mahals
484,santrampur
484,shehera
484,adana
484,kaduna
484,mora
484,panchamahals
485,dahod
485,devgadbaria
485,dhanpur
485,dohad
485,dohad
485,fatepura
485,garbada
485,jhalod
485,limkheda
486,baroda
486,bodeli
486,chhota udaipur
486,dabhoi
486,jetpur pavi
486,karjan
486,kavant
486,nasvadi
486,padra
486,sankheda
486,savli
486,sinor
486,tarsali
486,vadodara
486,vadodara city
486,vaghodia
487,dediapada
487,nandod
487,narmada
487,rajpipla
487,sagbara
487,tilakwada
488,amod
488,anklesvar
488,bharuch
488,hansot
488,jambusar
488,jhagadia
488,vagra
488,valia
489,dang
489,the dangs
489,dangs
490,bansda
490,chikhli
490,gandevi
490,jalalpore
490,navsari
490,navsari
490,navasari
491,dharampur
491,kaprada
491,pardi
491,umbergaon
491,valsad
491,karrada
492,bardoli
492,chorasi
492,kamrej
492,olpad
492,palsana
492,surat
492,surat city
492,umarpada
493,nizar
493,songadh
493,tapi
493,uchchhal
493,valod
493,vyara
493,nizam
494,diu
494,diu town
495,daman
495,damman
496,dadra & nagar haveli
496,dadra and nagar haveli
497,akkalkuwa
497,akrani
497,nandurbar
497,nawapur
497,shahade
497,talode
497,nadurbar
498,dhule
498,sakri
498,shirpur
498,sindkhede
499,amalner
499,bhadgaon
499,bhusawal
499,bodvad
499,chalisgaon
499,chopda
499,dharangaon
499,erandol
499,jalgaon
499,jamner
499,muktainagar
499,pachora
499,parola
499,raver
499,yawal
499,bhusaval
499,dhamangaon
500,buldana
500,deolgaon raja
500,jalgaon
500,jamod
500,khamgaon
500,lonar
500,malkapur
500,mehkar
500,motala
500,nandura
500,shegaon
500,sindkhed raja
500,lonara
501,akola
501,akot
501,balapur
501,barshitakli
501,murtijapur
501,patur
501,telhara
501,kot
502,karanja
502,mangrulpir
502,risod
502,washim
503,achalpur
503,amravati
503,anjangaon surji
503,bhatkuli
503,chandur railway
503,chandurbazar
503,chikhaldara
503,daryapur
503,dhamangaon railway
503,dharni
503,morshi
503,nandgaon khandeshwar
503,teosa
503,warud
503,amrawati
503,moshi
504,arvi
504,bor
504,hinganghat
504,samudrapur
504,sawangi
504,seloo
504,wardha
504,bot
505,ajni
505,bhiwapur
505,dongri
505,hingna
505,kalameshwar
505,kamptee
505,katol
505,kuhi
505,mauda
505,nagpur
505,nagpur
505,nagpur city
505,narkhed
505,parseoni
505,ramtek
505,savner
505,umred
505,kalmeshwar
505,mouda
506,bhandara
506,lakhandur
506,lakhani
506,mohadi
506,pauni
506,sakoli
506,tumsar
506,paoni
507,amgaon
507,arjuni morgaon
507,gondiya
507,goregaon
507,sadak arjuni
507,salekasa
507,tirora
508,aheri
508,armori
508,bhamragad
508,chamorshi
508,desaiganj
508,etapalli
508,gadchiroli
508,korchi
508,kurkheda
508,mulchera
508,sironcha
508,vadasa
508,aomori
508,gadhchiroli
509,ballarpur
509,bhadravati
509,brahmapuri
509,bramhapuri
509,chandrapur
509,chimur
509,gondpipri
509,jiwati
509,korpana
509,mul
509,nagbhir
509,pombhurna
509,rajura
509,sawali
509,shivajinagar
509,sindewahi
509,warora
509,bajura
509,jiwani
509,nagbhid
509,narora
510,arni
510,babulgaon
510,darwha
510,digras
510,ghatanji
510,kelapur
510,mahagaon
510,maregaon
510,ner
510,pusad
510,ralegaon
510,umarkhed
510,wani
510,yavatmal
510,zari jamani
510,arnia
511,ardhapur
511,bhokar
511,biloli
511,deglur
511,dharmabad
511,hadgaon
511,himayatnagar
511,kandhar
511,khairgaon
511,kinwat
511,loha
511,mahoor
511,mudkhed
511,mukhed
511,naigaon
511,nanded
511,nanded city
511,umri
511,biloxi
511,lodha
512,aundha
512,basmath
512,hingoli
512,kalamnuri
512,nagnath
512,sengaon
513,gangakhed
513,jintur
513,manwath
513,palam
513,parbhani
513,pathri
513,purna
513,sailu
513,sonpeth
513,pallam
514,ambad
514,badnapur
514,bhokardan
514,ghansawangi
514,jafferabad
514,jalna
514,mantha
514,partur
514,abad
514,jaffarabad
515,aurangabad
515,aurangabad city
515,kannad
515,khuldabad
515,paithan
515,phulambri
515,sillod
515,soegaon
515,vaijapur
515,auranagabad
515,aurangabd
516,baglan
516,chandvad
516,deola
516,deolali
516,dindori
516,igatpuri
516,kalwan
516,malegaon
516,nandgaon
516,nashik
516,nashik city
516,niphad
516,ozar
516,peint
516,satana
516,sinnar
516,surgana
516,trimbakeshwar
516,yevla
516,baghlan
516,chandwad
516,maligaon
517,ambarnath
517,badlapur
517,bhiwandi
517,bhiwandi city
517,dahanu
517,jawhar
517,kalwa
517,kalyan
517,mokhada
517,murbad
517,palghar
517,shahapur
517,talasari
517,tarapur
517,thane
517,thane city
517,ulhasnagar
517,vada
517,vasai
517,vikramgad
517,amarnath
517,ambernath
517,bhivandi
517,jawahar
517,palghat
518,mumbai suburban
519,andheri
519,borivali
519,dadar
519,jogeshwari
519,khar
519,mahim
519,malad
519,mumbai
519,mumbai city
519,nerul
519,wadala
519,borivli
519,mahi
519,malnad
519,mumbais
520,alibag
520,karjat
520,khalapur
520,mahad
520,mangaon
520,mhasla
520,murud
520,neral
520,panvel
520,panvel city
520,pen
520,poladpur
520,raigad
520,roha
520,shrivardhan
520,sudhagad
520,tala
520,uran
520,alibaug
520,mazgaon
521,alandi
521,ambegaon
521,baramati
521,bhor
521,chakan
521,chinchwad
521,daund
521,indapur
521,junnar
521,kalewadi
521,mawal
521,mulshi
521,pimpri
521,pune
521,pune city
521,purandhar
521,shirur
521,velhe
521,wakad
521,balewadi
521,maval
521,munnar
521,puna
521,"pune
29,harola
545,kakinda
522,ahmedanagar
31,basauli
203,sikka
488,ankleswar
386,bhuvaneswar
100,tihi
521,punes
521,purandar
221,pusan
575,puthur
25,rahul
555,raibag
520,raigadh
542,raja
545,rajamundry
537,rajendra nagar
345,ram nagar
626,ramanathapuam
626,ramanthapuram
626,rameshwaram
346,ramnad
345,ramnagara
626,ramnathapuram
564,ranebennur
321,rangiya
335,ranigunj
118,ranip
430,rawa
396,rayagara
396,raygada
243,rayong
430,reewa
297,ri-bhoi
553,rolpa
68,roorkie
520,rota
68,rourkee
58,rudrapryag
206,runnisaidpur
305,rupai
130,saada
438,sadarpur
214,saharsha
216,sahebgunj
386,saheed nagar
352,sahibgunj
132,sahranpur
513,sails
268,sakchi
559,saktinagar
344,salboni
343,salta
393,samarra
135,sambal
22,sambha
22,samoa
221,samstipur
438,sanawar
604,sanchi
535,sanga reddy
550,sangham
251,sangin
531,sangvi
628,sankarankovil
334,santhia
505,saoner
585,saptari
22,saqba
369,saraikela-kharsawan
130,saranda
102,sardarshahr
401,sarguja
350,sarnath
625,satpur
585,sattari
548,sattenapalli
625,satur
610,satyamangalam
231,savar
480,savarkundla
108,sawaimadhopur
52,sbs nagar
356,sebha
536,secundarabad
536,secundrabad
92,seelampur
92,seemapuri
398,semiliguda
263,senas
369,seraikela
369,seraikela kharsawan
152,shahajahanpur
152,shajahanpur
401,shakargarh
354,sharia
460,shehdol
228,sheikhupura
628,shencottai
498,sherpur
352,shibganj
498,shibpur
362,shikaripura
33,shimlas
622,shivaganga
526,sholapur
580,shoranur
142,siaha
142,siang
142,siaya
250,sibi
142,siena
316,sinai
557,sindagi
559,sindhanur
529,sindhudurga
516,sinjar
534,siricilla
571,sitra
622,sivagana
622,sivaganaga
622,sivanganga
311,siva-sagar
311,sivasagasr
311,sivsagar
219,sodepur
254,sohag
231,sohar
254,soho
31,sola
377,solo
576,somwarpet
336,sontipur
368,sonu
219,soran
97,south-west
554,sri kalahasti
542,srikakuam
542,srikakulum
10,srinagars
604,sriperumpudur
534,srirampura
625,srivilliputtur
333,suci
416,sukna
416,sukuma
550,sullurupeta
179,sultanpuri
590,sulthan bathery
632,sulu
632,sumur
6,sunderbans
27,sundernagar
136,sur
475,surendra nagar
475,surendrangar
492,surt
563,suva
108,swai madhopur
546,tadepallegudem
548,tadepalli
546,tadepalligudam
553,tadipatri
481,taloja
403,tamar
268,tamu
24,tangra
620,tanjavur
136,tanta
537,tanur
50,taran taran
50,tarntaran
19,taywara
306,tejpur
434,thal
336,thatta
628,thenkasi
627,thiruchendur
628,thirunelveli
601,thiruvanantapuram
601,thiruvananthapurm
601,thiruvananthpuram
601,thiruvanathapuram
606,thiruvannamalai
594,thrisur
625,timapuram
435,tirana
380,tirol
592,tirpur
609,tiruchengodu
614,tiruchirappali
623,tirumangalam
628,tirunelvelli
628,tiruneveli
628,tirunvelveli
599,tiruvalla
606,tiruvanamalai
601,tiruvananthapuram
606,tiruvannamali
393,titagarh
393,titilagarh
248,tory
594,trissur
548,tullur
571,tumkuru
541,tundala
67,uddham singh nagar
67,udhamsingh nagar
133,udhana
427,udhana
352,udhna
569,udipi
435,ujjan
397,umarkot
431,umbria
431,umeria
511,umroi
537,uppala
525,usmanabad
386,uttar
563,uttara kannda
56,uttarakashi
486,vadodra
504,vardha
441,varna
220,vashali
411,vasna
608,vazhappadi
366,verna
142,viana
572,vijay nagar
572,vijayanagara
607,villuppuram
607,vilupuram
625,virdhunagar
625,virudhanagar
625,virudhnagar
625,virudhu nagar
625,virudhungar
625,virudunagar
544,visakahapatnam
544,visakapatnam
544,visakhapatanam
544,visakhaptnam
544,visakhpatnam
543,vizianagarm
543,vizianagram
543,viziangaram
543,vizinagaram
486,waghodia
540,warrangal
590,wayand
590,waynad
546,west godvari
368,west singbhum
368,west singhbum
580,yadagir
580,yadgiri
343,yalta
71,yamuna nagar
71,yamunangar
457,yanji
541,yellendu
516,yeola
603,madras
197,varanasi
357,jamshedpur
519,bombay
572,bengaluru
614,tiruchi
141,noida
629,kanyakumari
633,tirupur
595,cochin
536,ranga reddy
577,mysuru
601,trivandrum
614,trichy
607,villupuram
337,parganas
591,calicut
341,howrah
555,belagavi
585,panaji
579,kalaburagi
357,east singhbhum
538,mahabubnagar
150,bareilly
5,poonch
380,jagatsinghpur
544,vizag
338,hooghly
611,nilgiris
571,tumakuru
204,east champaran
627,thoothukudi
375,keonjhar
68,haridwar
568,shivamogga
377,balasore
471,mehsana
141,gautam budh nagar
156,unnao
327,siliguri
584,ramanagaram
469,banaskantha
570,chikkamagaluru
567,davangere
141,greater noida
369,seraikela-kharsawan
500,buldhana
503,amaravati
298,shillong
203,west champaran
176,barabanki
327,darjeeling
472,sabarkantha
76,sonepat
327,gorkhaland
484,panchmahal
163,kanpur dehat
582,chikkaballapur
397,nabarangpur
629,nagercoil
201,etah
103,jhunjhunu
174,kaushambi
379,kendrapada
572,bangalore urban
521,poona
25,lahaul-spiti
171,chitrakoot
516,nasik
330,north dinajpur
582,chickballapur
200,sonbhadra
386,bhubaneshwar
572,bengaluru urban
12,kashmirs pulwama
348,koderma
335,bardhaman
97,dwarka
532,kumram bheem asifabad
297,ri bhoi
345,east midnapore
358,palamau
211,purnea
189,kushinagar
588,kasargod
280,moreh
611,ooty
158,rae bareli
196,mughalsarai
14,kashmirs anantnag
544,vishakhapatnam
491,vapi
374,rourkela
522,shirdi
126,chittorgarh
8,kashmirs baramulla
8,gulmarg
99,sriganganagar
24,dharamsala
151,pilibhit
604,kanchipuram
307,lakhimpur kheri
595,maradu
145,vrindavan
130,chhota udepur
393,bolangir
622,sivagangai
534,rajanna-sircilla
337,north 24-parganas
24,dharamshala
1,kashmirs kupwara
614,tiruchirapalli
541,bhadradri-kothagudem
545,samalkot
540,kazipet
343,south 24-parganas
2,kashmirs budgam
562,hubballi
236,bodhgaya
399,seraikela-kharswan
13,kashmirs shopian
614,tiruchy
554,tirumala
200,sonebhadra
517,vashi
562,hubli-dharwad
84,mahendergarh
337,bidhannagar
331,south dinajpur
391,boudh
599,aranmula
119,pushkar
416,chhattisgarhs sukma
544,vishakapatnam
578,chamarajnagar
601,technopark
595,kalamassery
488,ankleshwar
617,neyveli township
327,bagdogra
15,kashmirs kulgam
158,raebareli
134,bijnore
163,ramabai nagar
294,north garo hills
518,chembur
547,vijaywada
409,bhilai
216,bihars muzaffarpur
175,prayagraj
104,rajasthans alwar
141,gautam buddh nagar
484,tirupathi
563,uttar kannada
314,assams karbi anglong
569,manipal
114,pokhara
178,ambedkarnagar
203,champaran
495,daman and diu
277,imphal
595,thrikkakara
575,mangaluru
479,gir-somnath
479,gir somnath
519,colaba
515,marathwada
541,bhadradri kothagudem
586,vasco
586,margao
300,bodoland
503,vidarbha
475,morbi
536,cyberabad
519,konkan
585,mapusa
299,east jaintia hills
484,mahisagar
601,travancore
536,vikarabad
622,karaikudi
521,pimpri chinchwad
521,pimpri-chinchwad
289,gomati
289,sipahijala
337,paraganas"
522,ahmadnagar
522,ahmednagar
522,belapur
522,jamkhed
522,kopargaon
522,nevasa
522,parner
522,pathardi
522,rahta
522,rahuri
522,sangamner
522,shevgaon
522,shrigonda
522,shrirampur
522,ahmed nagar
523,ambejogai
523,beed
523,bid
523,georai
523,kaij
523,kasar
523,manjlegaon
523,parli
523,patoda
523,shirur
523,wadwani
523,bjd
523,gorai
523,kasara
524,ahmadpur
524,ausa
524,chakur
524,deoni
524,jalkot
524,latur
524,latur city
524,nilanga
524,renapur
524,shirur anantpal
524,udgir
524,aqsa
525,bhum
525,kalamb
525,lohara
525,osmanabad
525,paranda
525,tuljapur
525,umarga
525,washi
526,akkalkot
526,barshi
526,karmala
526,madha
526,malshiras
526,mangalvedhe
526,mohol
526,pandharpur
526,sangole
526,solapur
526,solapur city
526,solapur north
526,solapur south
526,bohol
526,karmali
526,karshi
527,aundh
527,jaoli
527,karad
527,khandala
527,khatav
527,koregaon
527,mahabaleshwar
527,man
527,man city
527,phaltan
527,satara
527,wai
527,karak
527,maan
527,mann
528,chiplun
528,dabhol
528,dapoli
528,guhagar
528,kasai
528,khed
528,lanja
528,mandangad
528,rajapur
528,ratnagiri
528,sangameshwar
528,dapodi
528,napoli
529,amboli
529,devgad
529,dodamarg
529,kankavli
529,kudal
529,malwan
529,sawantwadi
529,sindhudurg
529,vaibhavvadi
529,vengurla
529,kidal
529,malwa
529,malwani
530,ajra
530,bavda
530,bhudargad
530,chandgad
530,gadhinglaj
530,hatkanangle
530,kagal
530,karvir
530,kolhapur
530,kolhapur city
530,panhala
530,peth
530,radhanagari
530,shahuwadi
530,shirol
530,ajwa
530,kolapur
530,peta
531,atpadi
531,jat
531,kadegaon
531,kavathemahankal
531,khanapur
531,miraj
531,palus
531,sangli
531,shirala
531,tasgaon
531,walwa
531,kasegaon
532,adilabad
532,adilabad town
532,asifabad
532,bazarhathnoor
532,bejjur
532,bela
532,bellampalle
532,bhainsa
532,bhimini
532,boath
532,dahegaon
532,dandepalle
532,dilawarpur
532,gudihathnoor
532,ichoda
532,inderavelly
532,jainad
532,jainoor
532,jannaram
532,kaddam
532,kagaznagar
532,kasipet
532,kerameri
532,kotapalle
532,kouthala
532,kubeer
532,kuntala
532,laxmanchanda
532,lokeswaram
532,luxettipet
532,mamda
532,mancherial
532,mandamarri
532,mudhole
532,narnoor
532,nennal
532,neradigonda
532,nirmal
532,peddur
532,rebbana
532,sirpur
532,sirpur
532,talamadugu
532,tamsi
532,tanoor
532,tiryani
532,utnoor
532,vemanpalle
532,wankdi
532,bellampalli
532,bhimili
533,armur
533,balkonda
533,banswada
533,bheemgal
533,bhiknoor
533,bichkunda
533,birkoor
533,bodhan
533,dharpalle
533,dichpalle
533,domakonda
533,gandhari
533,jakranpalle
533,jukkal
533,kamareddy
533,kammarpalle
533,kotgiri
533,lingampet
533,machareddy
533,madnoor
533,makloor
533,mortad
533,nagareddipet
533,nandipet
533,navipet
533,nizamabad
533,nizamsagar
533,pitlam
533,ranjal
533,sadasivanagar
533,sirkonda
533,tadwai
533,varni
533,velpur
533,yedpalle
533,yellareddy
533,nizambad
534,bejjanki
534,bheemadevarpalle
534,boinpalle
534,chandurthi
534,chigurumamidi
534,choppadandi
534,dharmaram
534,elgaid
534,elkathurthi
534,ellanthakunta
534,gambhiraopet
534,gangadhara
534,gollapalle
534,husnabad
534,huzurabad
534,jagtial
534,jammikunta
534,julapalle
534,kamalapur
534,kamanpur
534,karimnagar
534,karimnagar city
534,karimnagar town
534,kataram
534,kathlapur
534,kodimial
534,koheda
534,konaraopeta
534,koratla
534,lmd colony
534,mahadevpur
534,mahadevpur
534,malharrao
534,mallapur
534,mallial
534,manakondur
534,manthani
534,manthani
534,medipalle
534,metpalle
534,mustabad
534,mutharam
534,mutharam
534,odela
534,peddapalle
534,peddapalli
534,pegadapalle
534,raikal
534,ramadugu
534,ramagundam
534,saidapur
534,sarangapur
534,shankarapatnam
534,sircilla
534,srirampur
534,sultanabad
534,timmapur
534,veenavanka
534,velgatoor
534,vemulawada
534,yellareddipet
534,jagitial
534,jamikunta
534,karimanagar
534,karimngar
534,katargam
534,korutla
534,pedapalli
534,peddapally
535,alladurg
535,andole
535,chegunta
535,chinnakodur
535,doultabad
535,dubbak
535,gajwel
535,hathnoora
535,jagdevpur
535,jharasangam
535,jinnaram
535,kalher
535,kangti
535,kohir
535,kondapak
535,kondapur
535,kowdipalle
535,kulcharam
535,manoor
535,medak
535,mirdoddi
535,munpalle
535,nangnoor
535,narayankhed
535,narsapur
535,nyalkal
535,papannapet
535,patancheru
535,pulkal
535,raikode
535,ramayampet
535,regode
535,sadasivpet
535,sangareddy
535,shankarampet
535,shankarampet
535,shivampet
535,siddipet
535,tekmal
535,thoguta
535,tupran
535,wargal
535,yeldurthy
535,zahirabad
535,pulka
536,amberpet
536,ameerpet
536,asifnagar
536,bahadurpura
536,bandlaguda
536,begumpet
536,charminar
536,golconda
536,himayathnagar
536,hyderabad
536,hyderabad city
536,khairatabad
536,maredpalle
536,musheerabad
536,nampally
536,saidabad
536,secunderabad
536,shaikpet
536,tirumalagiri
536,hyderabd
536,hyderbad
536,meerpet
537,alwal
537,bantwaram
537,basheerabad
537,chevella
537,doma
537,gandeed
537,ghatkesar
537,hayathnagar
537,keesara
537,kulkacharla
537,lingampalli
537,madhapur
537,maheswaram
537,malkajgiri
537,marpalle
537,medchal
537,moinabad
537,mominpet
537,pargi
537,peddemul
537,pudur
537,qutubullapur
537,rajendranagar
537,rangareddy
537,saroornagar
537,serilingampally
537,shabad
537,shamirpet
537,shamshabad
537,shankarpalle
537,tandur
537,uppal
537,vicarabad
537,yacharam
537,yelal
537,douma
537,lingampally
537,nacharam
537,padur
538,achampet
538,addakal
538,alampur
538,amangal
538,amrabad
538,balmoor
538,bhoothpur
538,bijinapalle
538,bomraspet
538,chinnachintakunta
538,damaragidda
538,devarkadra
538,dhanwada
538,doulathabad
538,farooqnagar
538,gadwal
538,ghanpur
538,ghattu
538,gopalpeta
538,hanwada
538,ieej
538,itikyal
538,jadcherla
538,kalwakurthy
538,keshampet
538,kodair
538,kodangal
538,koilkonda
538,kollapur
538,kondurg
538,kosgi
538,kothakota
538,kothur
538,lingal
538,madgul
538,maganoor
538,mahbubnagar
538,makthal
538,maldakal
538,manopad
538,midjil
538,nagarkurnool
538,narayanpet
538,narva
538,pangal
538,pebbair
538,peddakothapalle
538,peddamandadi
538,tadoor
538,talakondapalle
538,telkapalle
538,thimmajipet
538,uppununthala
538,utkoor
538,vangoor
538,veepangandla
538,veldanda
538,waddepalle
538,wanaparthy
538,kohlapur
538,malakal
538,manapad
539,alair
539,anumula
539,atmakur
539,atmakur
539,bhongir
539,bibinagar
539,bommalaramaram
539,chandam pet
539,chandur
539,chilkur
539,chintha palle
539,chityala
539,chivvemla
539,choutuppal
539,dameracherla
539,devarakonda
539,garide palle
539,gundla palle
539,gurrampode
539,huzurnagar
539,jaji reddi gudem
539,kangal
539,kattangoor
539,kethe palle
539,kodad
539,m.turkapalle
539,malvan
539,marriguda
539,mattam palle
539,mella cheruvu
539,miryalaguda
539,mothey
539,mothkur
539,munagala
539,munugode
539,nadigudem
539,nakrekal
539,nalgonda
539,nampalle
539,narayanapur
539,narketpalle
539,neredcherla
539,nidamanur
539,nuthankal
539,pedda adiserla palle
539,peddavoora
539,penpahad
539,pochampalle
539,rajapet
539,ramannapeta
539,sali gouraram
539,suryapet
539,thipparthi
539,thirumalgiri
539,thripuraram
539,thungathurthi
539,valigonda
539,vemulapalle
539,yadagirigutta
539,chandor
539,kandal
539,miryalguda
539,nalagonda
540,bachannapet
540,bhupalpalle
540,chennaraopet
540,cherial
540,chityal
540,devaruppula
540,dharmasagar
540,dornakal
540,duggondi
540,eturnagaram
540,geesugonda
540,ghanpur
540,ghanpur
540,govindaraopet
540,hanamkonda
540,hasanparthy
540,jangaon
540,kesamudram
540,kodakandla
540,kuravi
540,lingalaghanpur
540,mahabubabad
540,mangapet
540,maripeda
540,mogullapalle
540,mulug
540,nallabelly
540,narmetta
540,narsampet
540,narsimhulapet
540,nekkonda
540,nellikudur
540,palakurthi
540,parkal
540,parvathagiri
540,raghunathpalle
540,raiparthy
540,regonda
540,shayampet
540,tadvai
540,thorrur
540,venkatapur
540,warangal
540,warangal city
540,wardhannapet
540,zaffergadh
540,bhupalpalli
540,bhupalpally
540,dornapal
540,janagaon
540,mahbubabad
540,mulugu
541,aswapuram
541,aswaraopeta
541,bayyaram
541,bhadrachalam
541,bonakal
541,burgampahad
541,chandrugonda
541,cherla
541,chinthakani
541,chintur
541,dammapeta
541,dummugudem
541,enkuru
541,garla
541,gundala
541,julurpad
541,kamepalle
541,khammam
541,khammam
541,konijerla
541,kothagudem
541,kukunoor
541,kunavaram
541,kusumanchi
541,madhira
541,manuguru
541,mudigonda
541,mulkalapalle
541,nelakondapalle
541,palwancha
541,penuballi
541,pinapaka
541,sathupalle
541,singareni
541,tallada
541,tekulapalle
541,thirumalayapalem
541,vararamachandrapuram
541,velairpadu
541,vemsoor
541,venkatapuram
541,wazeed
541,wyra
541,yellandu
541,yerrupalem
541,gunadala
541,khamam
541,khamman
541,nelakondapalli
541,palvancha
542,amadalavalasa
542,bhamini
542,burja
542,etcherla
542,ganguvarisigadam
542,gara
542,hiramandalam
542,ichchapuram
542,jalumuru
542,kanchili
542,kaviti
542,kotabommali
542,kothuru
542,lakshminarsupeta
542,laveru
542,mandasa
542,meliaputti
542,nandigam
542,narasannapeta
542,palakonda
542,palasa
542,pathapatnam
542,polaki
542,ponduru
542,rajam
542,ranastalam
542,regidi amadalavalasa
542,santhabommali
542,santhakaviti
542,saravakota
542,sarubujjili
542,seethampeta
542,sompeta
542,srikakulam
542,srikakulam town
542,tekkali
542,vajrapukothuru
542,vangara
542,veeraghattam
542,bursa
542,garia
542,garo
543,badangi
543,balijipeta
543,bhogapuram
543,bobbili
543,bondapalle
543,cheepurupalle
543,dattirajeru
543,denkada
543,gajapathinagaram
543,gantyada
543,garividi
543,garugubilli
543,gummalakshmipuram
543,gurla
543,jami
543,jiyyammavalasa
543,komarada
543,kothavalasa
543,kurupam
543,lakkavarapukota
543,makkuva
543,mentada
543,merakamudidam
543,nellimarla
543,pachipenta
543,parvathipuram
543,pusapatirega
543,ramabhadrapuram
543,salur
543,srungavarapukota
543,therlam
543,vepada
543,vizianagaram
543,vizianagaram town
543,parvatipuram
544,anakapalle
544,anakapalle town
544,anandapuram
544,ananthagiri
544,araku valley
544,atchutapuram
544,bheemunipatnam
544,butchayyapeta
544,cheedikada
544,chintapalle
544,chodavaram
544,dumbriguda
544,g.madugula
544,gajuwaka
544,golugonda
544,gudem kotha veedhi
544,hukumpeta
544,k.kotapadu
544,kasimkota
544,kotauratla
544,koyyuru
544,madugula
544,makavarapalem
544,munagapaka
544,munchingi puttu
544,nakkapalle
544,narsipatnam
544,narsipatnam town
544,nathavaram
544,paderu
544,padmanabham
544,paravada
544,payakaraopeta
544,peda bayalu
544,pedagantyada
544,pendurthi
544,rambilli
544,ravikamatham
544,rolugunta
544,s.rayavaram
544,sabbavaram
544,visakhapatnam
544,visakhapatnam
544,visakhapatnam city
544,anakapalli
544,chintapalli
544,parawada
545,addateegala
545,ainavilli
545,alamuru
545,allavaram
545,amalapuram
545,ambajipeta
545,anaparthy
545,annavaram
545,atreyapuram
545,biccavolu
545,devipatnam
545,east godavari
545,east godavari district
545,gandepalle
545,gokavaram
545,gollaprolu
545,i. polavaram
545,jaggampeta
545,kadiam
545,kajuluru
545,kakinada
545,kakinada city
545,kakinada town
545,kapileswarapuram
545,karapa
545,katrenikona
545,kirlampudi
545,korukonda
545,kotananduru
545,kothapeta
545,malikipuram
545,mamidikuduru
545,mandapeta
545,maredumilli
545,mummidivaram
545,p.gannavaram
545,pedapudi
545,peddapuram
545,pithapuram
545,rajahmundry
545,rajahmundry city
545,rajanagaram
545,rajavommangi
545,ramachandrapuram
545,rampachodavaram
545,rangampeta
545,ravulapalem
545,rayavaram
545,razole
545,rowthulapudi
545,sakhinetipalle
545,samalkota
545,sankhavaram
545,thallarevu
545,thondangi
545,tuni
545,uppalaguptam
545,y. ramavaram
545,yeleswaram
545,east godvari
545,karama
545,pallavaram
546,achanta
546,akividu
546,attili
546,bhimadole
546,bhimavaram
546,bhimavaram town
546,buttayagudem
546,chagallu
546,chintalapudi
546,denduluru
546,dwarakatirumala
546,eluru
546,eluru city
546,eluru town
546,ganapavaram
546,godavari
546,gopalapuram
546,iragavaram
546,jangareddigudem
546,jeelugu milli
546,kalla
546,kamavarapukota
546,kovvur
546,koyyalagudem
546,lingapalem
546,mogalthur
546,nallajerla
546,narasapur
546,narasapuram
546,nidadavole
546,nidamarru
546,palacoderu
546,palacole
546,pedapadu
546,pedavegi
546,pentapadu
546,penugonda
546,penumantra
546,peravali
546,poduru
546,polavaram
546,t.narasapuram
546,tadepalligudem
546,tallapudi
546,tanuku
546,undi
546,undrajavaram
546,veeravasaram
546,west godavari
546,yelamanchili
546,dwaraka tirumala
546,elamanchili
546,elluru
546,jangareddygudem
546,narsapuram
546,nidadavolu
547,a.konduru
547,agiripalle
547,avanigadda
547,bandar
547,bantumilli
547,bapulapadu
547,challapalle
547,chandarlapadu
547,chatrai
547,g.konduru
547,gampalagudem
547,gannavaram
547,ghantasala
547,gudivada
547,gudiwada
547,gudlavalleru
547,guduru
547,ibrahimpatnam
547,jaggayyapeta
547,kaikalur
547,kalidindi
547,kanchikacherla
547,kankipadu
547,koduru
547,krishna
547,krishna district
547,kruthivennu
547,kuchipudi
547,machilipatnam
547,mandavalli
547,mopidevi
547,movva
547,mudinepalle
547,musunuru
547,mylavaram
547,nagayalanka
547,nandigama
547,nandivada
547,nuzvid
547,pamarru
547,pamidimukkala
547,pedana
547,pedaparupudi
547,penamaluru
547,penuganchiprolu
547,reddigudem
547,thotlavalluru
547,tiruvuru
547,vatsavai
547,veerullapadu
547,vijayawada
547,vijayawada city
547,vijayawada town
547,vissannapet
547,vuyyuru
547,kaikaluru
548,amaravathi
548,amruthalur
548,atchampet
548,bapatla
548,bellamkonda
548,bhattiprolu
548,bollapalle
548,chebrolu
548,cherukupalle h/o arumbaka
548,chilakaluripet h/o purushotha patnam
548,dachepalle
548,duggirala
548,durgi
548,edlapadu
548,guntur
548,guntur urban
548,guntur city
548,gurazala
548,ipur
548,kakumanu
548,karempudi
548,karlapalem
548,kollipara
548,kollur
548,krosuru
548,machavaram
548,macherla
548,mangalagiri
548,medikonduru
548,muppalla
548,nadendla
548,nadikudi
548,nagaram
548,narasaraopet
548,nekarikallu
548,nizampatnam
548,nuzendla
548,pedakakani
548,pedakurapadu
548,pedanandipadu
548,phirangipuram
548,piduguralla
548,pittalavanipalem
548,ponnur
548,rentachintala
548,repalle
548,sattenapalle
548,savalyapuram h/o kanamarlapudi
548,tadepalle
548,tadikonda
548,tenali
548,thullur
548,tsundur
548,vatticherukuru
548,vemuru
548,vinukonda
548,mangalgiri
548,narsaraopet
549,addanki
549,ardhaveedu
549,ballikurava
549,bestawaripeta
549,chandra sekhara puram
549,chimakurthi
549,chinaganjam
549,chirala
549,cumbum
549,darsi
549,donakonda
549,dornala
549,giddalur
549,gudluru
549,hanumanthuni padu
549,inkollu
549,janakavarampanguluru
549,kandukur
549,kanigiri
549,karamchedu
549,komarolu
549,konakanamitla
549,kondapi
549,korisapadu
549,kotha patnam
549,kurichedu
549,lingasamudram
549,maddipadu
549,markapur
549,marripudi
549,martur
549,mundlamuru
549,naguluppala padu
549,ongole
549,pamur
549,parchur
549,peda araveedu
549,pedacherlo palle
549,podili
549,ponnaluru
549,prakasam
549,prakasam district
549,pullalacheruvu
549,racherla
549,santhamaguluru
549,santhanuthala padu
549,singarayakonda
549,tangutur
549,tarlupadu
549,thallur
549,tripuranthakam
549,ulavapadu
549,veligandla
549,vetapalem
549,voletivaripalem
549,yeddana pudi
549,yerragondapalem
549,zarugumilli
549,prakasham
549,praksam
550,allur
550,ananthasagaram
550,anumasamudrampeta
550,balayapalle
550,bogole
550,buchireddipalem
550,chejerla
550,chillakur
550,chittamur
550,dagadarthi
550,dakkili
550,doravarisatram
550,duttalur
550,gudur
550,indukurpet
550,jaladanki
550,kaligiri
550,kaluvoya
550,kavali
550,kodavalur
550,kovur
550,manubolu
550,marripadu
550,muthukur
550,naidupet
550,nellore
550,nellore city
550,ojili
550,pellakur
550,podalakur
550,rapur
550,sangam
550,sangam city
550,seetharamapuram
550,sri potti sriramulu nellore
550,sullurpeta
550,sydapuram
550,tada
550,thotapalligudur
550,udayagiri
550,vakadu
550,varikuntapadu
550,venkatachalam
550,venkatagiri
550,vidavalur
550,vinjamur
550,dangam
550,gutur
550,kabali
551,atlur
551,b.kodur
551,badvel
551,brahmamgarimattam
551,chakrayapet
551,chapad
551,chinnamandem
551,chinthakommadinne
551,chitvel
551,duvvur
551,galiveedu
551,gopavaram
551,jammalamadugu
551,kadapa
551,kalasapadu
551,kamalapuram
551,khajipet
551,kodur
551,lakkireddipalle
551,lingala
551,muddanur
551,nandalur
551,obulavaripalle
551,peddamudium
551,penagalur
551,pendlimarri
551,porumamilla
551,proddatur
551,pulivendla
551,pullampeta
551,rajampet
551,ramapuram
551,rayachoti
551,s.mydukur
551,sambepalle
551,sidhout
551,simhadripuram
551,sri avadhutha kasinayana
551,t sundupalle
551,thondur
551,vallur
551,veeraballe
551,veerapunayunipalle
551,vempalle
551,vemula
551,vontimitta
551,y.s.r.
551,yerraguntla
551,chabad
551,kadapla
551,kadappa
551,kadapra
551,pulivendula
552,adoni
552,allagadda
552,alur
552,aspari
552,banaganapalle
552,bandi atmakur
552,bethamcherla
552,c.belagal
552,chagalamarri
552,chippagiri
552,devanakonda
552,dhone
552,dornipadu
552,gadivemula
552,gonegandla
552,gospadu
552,halaharvi
552,holagunda
552,jupadu bungalow
552,kodumur
552,koilkuntla
552,kolimigundla
552,kosigi
552,kowthalam
552,kurnool
552,kurnool city
552,kurnool town
552,maddikera
552,mahanandi
552,mantralayam
552,midthur
552,nandavaram
552,nandikotkur
552,nandyal
552,orvakal
552,owk
552,pagidyala
552,pamulapadu
552,panyam
552,pattikonda
552,peapally
552,pedda kadubur
552,rudravaram
552,sanjamala
552,sirvel
552,srisailam
552,tuggali
552,uyyalawada
552,velgode
552,yemmiganur
552,mantralaya
553,agali
553,amadagur
553,amarapuram
553,anantapur
553,anantapur town
553,anantpur
553,bathalapalle
553,beluguppa
553,bommanahal
553,brahmasamudram
553,bukkapatnam
553,bukkaraya samudram
553,chennekothapalle
553,chilamathur
553,d.hirehal
553,dharmavaram
553,gandlapenta
553,garladinne
553,gooty
553,gorantla
553,gudibanda
553,gummagatta
553,guntakal
553,hindupur
553,kadiri
553,kalyandurg
553,kambadur
553,kanaganapalle
553,kanekal
553,kothacheruvu
553,kudair
553,kundurpi
553,lepakshi
553,madakasira
553,mudigubba
553,nallacheruvu
553,nallamada
553,nambulipulikunta
553,narpala
553,obuladevaracheruvu
553,pamidi
553,parigi
553,peddapappur
553,peddavadugur
553,penukonda
553,putlur
553,puttaparthi
553,raptadu
553,rayadurg
553,roddam
553,rolla
553,settur
553,singanamala
553,somandepalle
553,tadimarri
553,tadpatri
553,talupula
553,tanakal
553,uravakonda
553,vajrakarur
553,vidapanakal
553,yadiki
553,yellanur
553,akali
553,ananthapur
553,ananthpur
554,b.kothakota
554,baireddipalle
554,bangarupalem
554,buchinaidu kandriga
554,chandragiri
554,chinnagottigallu
554,chittoor
554,chittoor district
554,chowdepalle
554,gangadhara nellore
554,gudipala
554,gudupalle
554,gurramkonda
554,irala
554,k.v.b.puram
554,kalakada
554,kalikiri
554,kambhamvaripalle
554,karvetinagar
554,kuppam
554,kurabalakota
554,madanapalle
554,mulakalacheruvu
554,nagalapuram
554,nagari
554,narayanavanam
554,nimmanapalle
554,nindra
554,pakala
554,palamaner
554,palasamudram
554,pedda thippasamudram
554,peddamandyam
554,peddapanjani
554,penumuru
554,pichatur
554,pileru
554,pulicherla
554,punganur
554,puthalapattu
554,ramakuppam
554,ramasamudram
554,renigunta
554,santhipuram
554,satyavedu
554,sodam
554,somala
554,srikalahasti
554,srirangarajapuram
554,thamballapalle
554,thavanampalle
554,thottambedu
554,tirupati
554,tirupati
554,vadamalapeta
554,valmikipuram
554,varadaiahpalem
554,vedurukuppam
554,venkatagirikota
554,vijayapuram
554,yadamarri
554,yerpedu
554,yerravaripalem
554,chithoor
554,chitoor
554,chittor
554,irula
554,madanapalli
554,piler
555,athni
555,belgaum
555,belgaum city
555,chikodi
555,gokak
555,hukeri
555,nipani
555,parasgad
555,ramdurg
555,raybag
555,sampgaon
555,athani
555,chikkodi
555,hukkeri
556,badami
556,bagalkot
556,bagalkot
556,bagalkot city
556,bilgi
556,hungund
556,jamkhandi
556,mudhol
556,bagalakot
556,bagalkote
557,basavana bagevadi
557,indi
557,muddebihal
557,sindgi
557,vijayapur
558,aurad
558,basavakalyan
558,bhalki
558,bidar
558,bidar
558,bidar city
558,homnabad
558,humnabad
559,devadurga
559,lingsugur
559,manvi
559,raichur
559,raichur
559,raichur city
559,shaktinagar
559,sindhnur
560,gangawati
560,koppal
560,koppal
560,kushtagi
560,yelbarga
560,koppala
561,gadag
561,mundargi
561,nargund
561,ron
561,shirhatti
562,dharwad
562,dharwad city
562,hubli
562,hubli city
562,kalghatgi
562,kundgol
562,navalgund
562,dharwar
562,dharward
562,kalghatagi
562,kundagol
563,ankola
563,bhatkal
563,dandeli
563,haliyal
563,honavar
563,karwar
563,kumta
563,mundgod
563,siddapur
563,sirsi
563,supa
563,uttara kannada
563,yellapur
563,honnavar
564,byadgi
564,hangal
564,haveri
564,haveri
564,hirekerur
564,ranibennur
564,savanur
564,shiggaon
565,bellary
565,bellary
565,bellary city
565,hadagalli
565,hagaribommanahalli
565,hospet
565,kotturu
565,kudligi
565,sandur
565,siruguppa
565,ballary
565,bellari
566,challakere
566,chitradurga
566,chitradurga
566,hiriyur
566,holalkere
566,hosdurga
566,molakalmuru
566,chithradurga
566,hosadurga
567,channagiri
567,davanagere
567,davanagere
567,harapanahalli
567,harihar
567,harihar city
567,honnali
567,jagalur
568,bhadravati
568,hosanagara
568,sagar
568,sagar city
568,shikarpur
568,shimoga
568,shimoga
568,shimoga city
568,shimoga town
568,sorab
568,tirthahalli
568,bhadravathi
569,karkal
569,kundapura
569,udupi
569,udupi city
569,udupi town
569,kundapur
570,chikmagalur
570,chikmagalur
570,chikmagalur city
570,kadur
570,koppa
570,mudigere
570,narasimharajapura
570,sringeri
570,tarikere
570,chickmagalur
570,chikamagalur
570,chikmagaluru
570,chikmaglur
571,chiknayakanhalli
571,gubbi
571,kallur
571,koratagere
571,kunigal
571,madhugiri
571,pavagada
571,sira
571,tiptur
571,tumkur
571,tumkur
571,tumkur city
571,turuvekere
571,pavagadh
572,anekal
572,anekal town
572,bangalore
572,bangalore city
572,bangalore east
572,bangalore north
572,bangalore south
572,bommasandra
572,indira nagar
572,indiranagar
572,koramangala
572,vijayanagar
572,banagalore
572,banglore
572,bengalore
573,krishnarajpet
573,maddur
573,malavalli
573,mandya
573,mandya
573,mandya city
573,nagamangala
573,pandavapura
573,shrirangapattana
573,madhur
573,mandur
574,alur
574,arkalgud
574,arsikere
574,belur
574,channarayapatna
574,hassan
574,hassan
574,hole narsipur
574,sakleshpur
574,arasikere
574,hasan
575,bantval
575,beltangadi
575,dakshina kannada
575,mangalore
575,mangalore city
575,mulki
575,puttur
575,puttur town
575,sulya
575,bantwal
575,dakshin kannada
575,dakshina kannda
575,mulky
576,kodagu
576,madikeri
576,madikeri city
576,somvarpet
576,virajpet
577,heggadadevankote
577,hunsur
577,krishnarajanagara
577,mysore
577,mysore
577,mysore city
577,nanjangud
577,nanjangud town
577,piriyapatna
577,tirumakudal narsipur
578,bandipur
578,chamarajanagar
578,chamarajanagar
578,gundlupet
578,kollegal
578,yelandur
578,chamarajanagara
578,chamarajangar
578,chamrajanagar
579,afzalpur
579,aland
579,chincholi
579,chitapur
579,gulbarga
579,gulbarga
579,gulbarga city
579,jevargi
579,sedam
579,wadi
580,shorapur
580,yadgir
580,yadgir
580,yadgir city
581,bangarapet
581,kolar
581,kolar
581,kolar city
581,malur
581,mulbagal
581,srinivaspur
581,bangarpet
581,malir
582,bagepalli
582,chikkaballapura
582,chintamani
582,gauribidanur
582,gudibanda
582,muddenahalli
582,sidlaghatta
583,bangalore rural
583,devanahalli
583,devanahalli town
583,dod ballapur
583,hosakote
583,hoskote
583,nelamangala
583,nelamangala town
583,vijayapura
583,vijayapura city
584,channapatna
584,kanakapura
584,magadi
584,ramanagar
584,ramanagara
584,magadh
585,bandora
585,bardez
585,bicholim
585,goa town
585,north goa
585,pernem
585,ponda
585,satari
585,tiswadi
585,gardez
586,canacona
586,madgaon
586,mormugao
586,navelim
586,paroda
586,quepem
586,salcete
586,sanguem
586,sanvordem
586,south goa
587,agatti
587,amini
587,andrott
587,bitra
587,chetlat
587,kadmat
587,kalpeni
587,kavaratti
587,kiltan
587,lakshadweep
587,minicoy
588,hosdurg
588,kasaragod
588,kasaragod town
589,kannapuram
589,kannur
589,kannur city
589,kannur town
589,taliparamba
589,thalassery
589,kunnur
590,mananthavady
590,sulthanbathery
590,vythiri
590,wayanad
591,kozhikode
591,kozhikode city
591,kozhikode town
591,quilandy
591,vadakara
591,kozhikkode
591,kozikode
592,ernad
592,malappuram
592,malappuram town
592,nilambur
592,perinthalmanna
592,ponnani
592,tirur
592,tirurangadi
592,malapuram
593,alathur
593,chittur
593,mannarkad
593,ottappalam
593,palakkad
593,palakkad town
593,ottapalam
593,palakad
594,chavakkad
594,kodungallur
594,mukundapuram
594,talappilly
594,thrissur
594,thrissur city
595,aluva
595,ernakulam
595,ernakulam city
595,ernakulam town
595,kanayannur
595,kochi
595,kochi city
595,kothamangalam
595,kunnathunad
595,muvattupuzha
595,paravur
595,pattanam
595,eranakulam
595,ernakulum
595,kochin
596,devikulam
596,idukki
596,pandalam
596,peerumade
596,thodupuzha
596,udumbanchola
597,changanassery
597,kanjirappally
597,kottayam
597,kottayam town
597,meenachil
597,pala
597,palai
597,vaikom
597,palar
597,palpa
597,pula
598,alappuzha
598,ambalappuzha
598,aroor
598,chengannur
598,cherthala
598,karthikappally
598,kuttanad
598,mavelikkara
598,alapuzha
598,mavelikara
599,adoor
599,kozhenchery
599,mallappally
599,pathanamthitta
599,ranni
599,thiruvalla
599,kozhencherry
599,pathnamthitta
600,karunagappally
600,kollam
600,kollam city
600,kottarakkara
600,kunnathur
600,pathanapuram
600,karunagapally
600,kottarakara
601,chirayinkeezhu
601,kallar
601,kovalam
601,nedumangad
601,neyyattinkara
601,thiruvananthapuram
601,thiruvananthapuram city
601,neyyatinkara
602,ambattur
602,gummidipoondi
602,mathavaram
602,pallipattu
602,ponneri
602,poonamallee
602,poonamallee town
602,porur
602,thiruvallur
602,tiruttani
602,tiruvallur
602,uthukkottai
602,madhavaram
603,chennai
603,chennai city
603,channai
603,chennais
604,alandur
604,alapakkam
604,chengalpattu
604,cheyyur
604,kalpakkam
604,kancheepuram
604,kanchi
604,maduranthakam
604,sembakkam
604,sholinganallur
604,sriperumbudur
604,tambaram
604,tirukalukundram
604,uthiramerur
604,vandalur
604,madurantakam
605,ambur
605,ambur town
605,arakonam
605,arcot
605,arcot town
605,gudiyatham
605,gudiyatham town
605,katpadi
605,vaniyambadi
605,vaniyambadi town
605,vellore
605,vellore city
605,vellore town
605,wallajah
605,arakkonam
605,arakonnam
606,arani
606,chengam
606,cheyyar
606,polur
606,thandrampet
606,tiruvannamalai
606,tiruvannamalai town
606,vandavasi
607,ananthapuram
607,gingee
607,kallakkurichi
607,sankarapuram
607,tindivanam
607,tirukkoyilur
607,ulundurpettai
607,vanur
607,viluppuram
607,anantapuram
607,banur
607,kallakurichi
608,attur
608,attur town
608,edappadi
608,gangavalli
608,kolathur
608,mettur
608,narasingapuram
608,omalur
608,salem
608,salem city
608,salem town
608,sankari
608,vazhapadi
608,yercaud
608,mattur
609,namakkal
609,namakkal
609,namakkal town
609,paramathi velur
609,rasipuram
609,rasipuram town
609,tiruchengode
609,tiruchengode town
609,velur
609,nammakkal
610,anthiyur
610,bhavani
610,bhavani town
610,erode
610,erode city
610,erode town
610,gobichettipalayam
610,muthur
610,perundurai
610,perundurai town
610,sathyamangalam
611,coonoor
611,coonoor town
611,gudalur
611,kotagiri
611,kundah
611,panthalur
611,the nilgiris
611,udhagamandalam
611,udhagamandalam town
611,conoor
611,kothagiri
612,dindigul
612,kodaikanal
612,natham
612,nilakkottai
612,oddanchatram
612,palani
612,vedasandur
612,dindigal
612,dindugul
612,nilakottai
613,aravakurichi
613,kadavur
613,karur
613,karur
613,krishnarayapuram
613,kulithalai
613,kasur
613,krishnarajapuram
614,lalgudi
614,manachanallur
614,manapparai
614,musiri
614,srirangam
614,thiruverumbur
614,thottiyam
614,thuraiyur
614,tiruchirappalli
614,malgudi
614,manaparai
615,kunnam
615,perambalur
615,perambalur
615,veppanthattai
616,ariyalur
616,ariyalur
616,sendurai
616,udayarpalayam
617,chidambaram
617,cuddalore
617,kadalur
617,kattumannarkoil
617,kurinjipadi
617,panruti
617,tittakudi
617,virudhachalam
618,kilvelur
618,kuthalam
618,mayiladuthurai
618,nagapattinam
618,nagapattinam
618,sirkali
618,tharangambadi
618,thirukkuvalai
618,vedaranyam
618,nagapatinam
618,nagapattanam
618,nagapattinnam
618,nagappattinam
619,kodavasal
619,mannargudi
619,nannilam
619,needamangalam
619,thiruthuraipoondi
619,thiruvarur
619,tiruvarur
619,valangaiman
620,kumbakonam
620,kumbakonam town
620,orathanadu
620,papanasam
620,pattukkottai
620,peravurani
620,thanjavur
620,thanjavur town
620,thiruvaiyaru
620,thiruvidaimarudur
620,pattukottai
621,alangudi
621,aranthangi
621,avudayarkoil
621,gandarvakkottai
621,iluppur
621,karambakudi
621,kulathur
621,manamelkudi
621,ponnamaravathi
621,pudukkottai
621,pudukottai
621,pudukottai town
621,thirumayam
621,pudukkotai
622,devakottai
622,ilayangudi
622,karaikkudi
622,manamadurai
622,sivaganga
622,sivaganga town
623,madurai
623,madurai city
623,madurai north
623,madurai south
623,madurai town
623,melur
623,peraiyur
623,thirumangalam
623,usilampatti
623,vadipatti
623,madhurai
624,andipatti
624,bodinayakanur
624,periyakulam
624,theni
624,theni
624,uthamapalayam
624,bodinayakkanur
625,anaiyur
625,aruppukkottai
625,kariapatti
625,rajapalayam
625,sattur
625,sattur town
625,sivakasi
625,sivakasi town
625,srivilliputhur
625,srivilliputhur town
625,timmapuram
625,tiruchuli
625,virudhunagar
625,aruppukottai
626,kadaladi
626,kamuthi
626,mandapam
626,mudukulathur
626,paramakudi
626,ramanathapuram
626,rameswaram
626,tiruvadanai
626,kamudhi
626,paramakkudi
627,ettayapuram
627,kadambur
627,kovilpatti
627,ottapidaram
627,sathankulam
627,srivaikuntam
627,thoothukkudi
627,tiruchendur
627,vagaikulam
627,vilathikulam
628,alangulam
628,ambasamudram
628,nanguneri
628,palayamkottai
628,radhapuram
628,sankarankoil
628,shenkottai
628,sivagiri
628,tenkasi
628,tirunelveli
628,tirunelveli
628,tirunelveli city
628,tirunelveli town
628,veerakeralamputhur
629,agastheeswaram
629,athur
629,kalkulam
629,kanniyakumari
629,padmanabhapuram
629,thovala
629,vilavancode
629,anthur
630,dharmapuri
630,dharmapuri town
630,harur
630,palakkodu
630,pappireddipatti
630,pennagaram
631,denkanikottai
631,hosur
631,hosur town
631,krishnagiri
631,krishnagiri town
631,pochampalli
631,uthangarai
632,annur
632,coimbatore
632,coimbatore city
632,coimbatore north
632,coimbatore south
632,kottur
632,kurichi
632,mangalam
632,mettupalayam
632,mettupalayam town
632,perur
632,pollachi
632,pollachi town
632,singanallur
632,sulur
632,valparai
632,kittur
632,mettuppalayam
633,avanashi
633,dharapuram
633,kangeyam
633,madathukulam
633,palladam
633,tiruppur
633,tiruppur city
633,udumalaipettai
633,avinashi
633,kangayam
634,yanam
634,yanam taluk
635,bahour taluk
635,ozhukarai taluk
635,pondicherry
635,puducherry
635,puducherry taluk
635,puducherry town
635,villianur taluk
635,puduchery
636,mahe
636,mahe taluk
637,karaikal
637,karaikal taluk
637,thirunallar taluk
638,car nicobar
638,great nicobar
638,nancowry
638,nicobars
638,nicobar
639,diglipur
639,mayabunder
639,north & middle andaman
639,north and middle andaman
639,rangat
639,sabari
640,ferrargunj
640,little andaman
640,port blair
640,andaman and nicobar islands
640,south andaman
901,jammu and kashmir
901,jammu & kashmir
901,jammu kashmir
901,j and k
901,j&k
901,kashmir
902,himachal pradesh
902,himachal
903,punjab
904,uttarakhand
904,uttaranchal
905,haryana
906,rajasthan
907,uttar pradesh
908,bihar
908,bihaar
908,beehar
909,sikkim
910,arunachal pradesh
911,nagaland
912,manipur
913,mizoram
914,tripura
915,meghalaya
916,assam
917,west bengal
917,bengal
918,jharkhand
919,chhattisgarh
919,chattisgarh
920,odisha
920,orissa
920,odessa
921,madhya pradesh
922,gujarat
922,gujrat
922,saurashtra
923,maharashtra
923,maharastra
924,goa
925,karnataka
926,andhra pradesh
926,andhra
927,telangana
928,kerala
929,tamil nadu
